generation,id,fitness,fps,loss,params,lut,bram,dsp,enc_ch,enc_depth,enc_k,enc_bits,btl_ch,dec_ch,parallelism
1,0,0.722714352113399,6.788472500278055,11.093184595108033,0.145335,78706.95,44.18,48.34,"[16, 16, 64]","[3, 2, 3]","[3, 5, 3]","[4, 8, 4]",256,"[96, 32, 16]",2
1,1,9.086989699654417,1.6971181250695138,1.462844214439392,0.39351,97021.285,56.98,46.1,"[16, 32, 128]","[2, 2, 3]","[5, 3, 3]","[8, 8, 4]",96,"[64, 48, 32]",2
1,2,0,1.086155600044489,999,0.346165,190111.92333333337,66.68,152.42,"[48, 64, 128]","[3, 2, 1]","[5, 3, 3]","[8, 4, 8]",256,"[96, 48, 48]",4
1,3,0,4.344622400177956,999,0.437012,184159.03666666665,57.99,155.01,"[16, 64, 96]","[2, 1, 2]","[5, 5, 5]","[8, 8, 4]",64,"[48, 16, 16]",4
1,4,0,4.8877002002002,999,0.384277,135982.66,56.35,144.69,"[32, 64, 128]","[2, 3, 1]","[3, 3, 5]","[4, 4, 4]",256,"[48, 48, 16]",4
1,5,0,0.610962525025025,999,0.689621,123695.97,52.73,60.18,"[32, 64, 96]","[2, 1, 3]","[5, 3, 5]","[8, 8, 8]",96,"[48, 48, 16]",3
1,6,8.287939466302829,0.7542747222531173,1.0232820582389832,0.384867,88424.01533333333,58.43,36.94,"[48, 64, 128]","[2, 1, 1]","[3, 5, 5]","[8, 4, 8]",256,"[64, 48, 32]",2
1,7,0.5814080452838414,2.4438501001001,7.569458665847779,0.08258,90404.07666666668,36.59,53.91,"[16, 48, 64]","[2, 2, 1]","[5, 3, 3]","[4, 8, 4]",64,"[96, 32, 16]",3
1,8,0.03177833939433168,0.18856868056327933,7.026386365890503,1.326485,86089.74,56.81,44.76,"[96, 96, 128]","[2, 2, 2]","[3, 5, 5]","[4, 4, 8]",192,"[64, 32, 16]",2
1,9,5.128983576482809,0.610962525025025,1.236414155960083,0.17975,107426.035,53.84,57.18,"[32, 32, 64]","[3, 2, 2]","[5, 5, 3]","[8, 8, 4]",64,"[64, 48, 32]",3
1,10,0,4.344622400177956,999,0.456851,148108.25666666665,55.4,129.122,"[16, 64, 96]","[1, 1, 2]","[5, 5, 5]","[4, 8, 4]",128,"[96, 64, 48]",4
1,11,2.31504813059778,0.610962525025025,1.7332101309299468,0.407334,115227.84666666668,55.38,54.19,"[32, 64, 64]","[3, 1, 3]","[5, 3, 5]","[8, 8, 8]",128,"[64, 48, 32]",3
1,12,0.17274614721999842,0.610962525025025,5.970994219779969,0.696629,110784.27,56.65,44.66,"[32, 64, 128]","[3, 1, 2]","[3, 3, 5]","[8, 8, 8]",128,"[64, 16, 16]",2
1,13,14.790716440111932,0.610962525025025,0.5794369208812714,1.422261,84212.605,61.43,44.48,"[32, 128, 128]","[2, 1, 3]","[5, 5, 5]","[8, 4, 4]",128,"[96, 96, 48]",2
1,14,0,1.086155600044489,999,1.564085,168233.18333333335,65.78,151.26,"[64, 96, 128]","[1, 2, 3]","[5, 5, 5]","[8, 4, 4]",128,"[64, 48, 16]",4
1,15,18.223798564069213,2.4438501001001,1.3142884826660157,0.173509,104758.78333333333,50.92,55.05,"[32, 32, 128]","[3, 2, 1]","[3, 5, 3]","[8, 8, 4]",192,"[64, 64, 32]",3
1,16,0.5412318550403438,2.4438501001001,7.797238402366638,0.101588,97087.125,48.7,41.24,"[16, 48, 96]","[3, 1, 1]","[5, 5, 3]","[8, 4, 8]",64,"[96, 32, 16]",2
1,17,0.8462823776104624,2.4438501001001,6.159628491401673,0.140661,93196.7275,47.16,44.12,"[16, 16, 64]","[2, 1, 3]","[5, 5, 3]","[8, 8, 4]",192,"[96, 96, 16]",2
1,18,0,1.086155600044489,999,0.241942,175554.42,65.46,151.05,"[48, 48, 48]","[3, 2, 2]","[5, 3, 3]","[8, 4, 4]",256,"[96, 48, 48]",4
1,19,0,9.7754004004004,999,0.162899,173525.595,49.61,137.0,"[32, 32, 96]","[1, 1, 2]","[3, 5, 3]","[4, 8, 8]",96,"[48, 16, 16]",4
2,0,9.68428825956295,2.4438501001001,1.802919727563858,0.173509,104758.78333333333,50.92,55.05,"[32, 32, 128]","[3, 2, 1]","[3, 5, 3]","[8, 8, 4]",192,"[64, 64, 32]",3
2,1,14.497413087000744,0.610962525025025,0.5852689987421036,1.422261,84212.605,61.43,44.48,"[32, 128, 128]","[2, 1, 3]","[5, 5, 5]","[8, 4, 4]",128,"[96, 96, 48]",2
2,2,0.8982469513479586,6.788472500278055,9.950426568984986,0.145335,78706.95,44.18,48.34,"[16, 16, 64]","[3, 2, 3]","[3, 5, 3]","[4, 8, 4]",256,"[96, 32, 16]",2
2,3,0.6012078500197794,2.4438501001001,6.995460457801819,0.294806,96655.535,55.22,45.74,"[16, 48, 96]","[2, 2, 3]","[5, 3, 3]","[8, 8, 4]",192,"[96, 32, 16]",2
2,4,11.145971300113343,2.4438501001001,1.6650409317016601,0.205319,110942.495,52.26,61.02,"[32, 32, 64]","[3, 2, 3]","[3, 5, 3]","[8, 8, 4]",256,"[64, 32, 32]",3
2,5,0.4711161352045021,4.8877002002002,11.757413234710693,0.118067,85861.19666666668,35.38,47.21,"[16, 48, 64]","[2, 1, 1]","[3, 5, 5]","[4, 8, 4]",64,"[96, 32, 16]",3
2,6,7.39956198095049,0.610962525025025,0.9593769526481628,0.452421,90249.33083333334,58.59,44.24,"[32, 32, 128]","[2, 1, 3]","[5, 5, 3]","[8, 8, 4]",192,"[64, 64, 32]",2
2,7,0,2.4438501001001,999,0.321766,117931.5125,53.94,56.1,"[16, 48, 64]","[3, 1, 3]","[5, 3, 5]","[8, 8, 8]",64,"[64, 48, 32]",3
2,8,9.880772469959906,0.7542747222531173,0.9371803116798401,0.384867,88424.01533333333,58.43,36.94,"[48, 64, 128]","[2, 1, 1]","[3, 5, 5]","[8, 4, 8]",256,"[64, 48, 32]",2
2,9,14.299009384527935,0.610962525025025,0.7188361430168152,0.286197,105381.415,50.34,53.9,"[32, 32, 128]","[3, 2, 1]","[5, 5, 5]","[8, 8, 4]",192,"[96, 96, 48]",3
2,10,20.57846693985276,2.4438501001001,1.2541932439804078,0.127556,100416.79666666668,48.06,52.54,"[16, 48, 64]","[2, 2, 1]","[3, 5, 3]","[8, 8, 4]",64,"[64, 64, 32]",3
2,11,16.22759191407084,0.610962525025025,0.5544073432683945,1.403829,97869.955,61.99,44.26,"[32, 128, 128]","[2, 1, 3]","[3, 5, 5]","[8, 4, 8]",128,"[96, 96, 48]",2
2,12,0.22157813496315132,0.610962525025025,5.947530789375305,0.180374,108644.73,55.62,46.0,"[32, 32, 64]","[3, 2, 2]","[5, 5, 3]","[8, 4, 8]",64,"[96, 32, 16]",2
2,13,4.029648304892521,1.6971181250695138,2.192398900985718,0.401766,97021.285,56.4,46.1,"[16, 32, 128]","[2, 2, 3]","[5, 3, 3]","[8, 8, 4]",128,"[64, 48, 32]",2
2,14,0.37036361980466476,2.4438501001001,8.962447605133057,0.273845,99973.265,54.05,44.46,"[16, 48, 96]","[2, 1, 3]","[5, 5, 3]","[8, 4, 8]",128,"[96, 32, 16]",2
2,15,7.394378448304645,2.4438501001001,2.090056250095367,0.130982,77983.61,45.21,45.5,"[16, 16, 64]","[2, 2, 3]","[5, 3, 3]","[4, 8, 4]",192,"[64, 48, 32]",2
2,16,13.422258718374241,0.610962525025025,0.6094573724269867,1.405749,99297.705,62.46,44.34,"[32, 128, 128]","[2, 1, 3]","[5, 5, 5]","[8, 4, 8]",64,"[96, 96, 48]",2
2,17,7.018721358799719,0.610962525025025,1.0149950969219208,0.327847,80331.745,64.78,48.46,"[32, 64, 64]","[3, 2, 3]","[3, 5, 3]","[4, 8, 4]",256,"[64, 48, 32]",2
2,18,0.06550680568688362,0.610962525025025,11.148091974258422,0.117972,91711.47,35.83,52.43,"[32, 32, 128]","[2, 2, 1]","[5, 3, 3]","[4, 8, 4]",64,"[96, 32, 16]",3
2,19,4.701654206084671,0.610962525025025,1.271063996553421,0.235174,102946.51,64.13,45.16,"[32, 64, 64]","[3, 1, 3]","[5, 5, 3]","[8, 4, 8]",64,"[64, 48, 32]",2
3,0,20.945205256761497,2.4438501001001,1.2431646502017974,0.127556,100416.79666666668,48.06,52.54,"[16, 48, 64]","[2, 2, 1]","[3, 5, 3]","[8, 8, 4]",64,"[64, 64, 32]",3
3,1,12.293165375968517,0.610962525025025,0.6369777351617814,1.403829,97869.955,61.99,44.26,"[32, 128, 128]","[2, 1, 3]","[3, 5, 5]","[8, 4, 8]",128,"[96, 96, 48]",2
3,2,2.916255432112579,0.610962525025025,1.3042873179912566,1.426437,90213.51333333334,62.25,44.04,"[32, 128, 128]","[2, 1, 3]","[5, 5, 5]","[8, 8, 4]",192,"[64, 64, 32]",2
3,3,82.0956638606804,2.4438501001001,0.6169818705320358,0.185845,107827.03,52.08,58.17,"[32, 32, 128]","[3, 2, 1]","[3, 5, 3]","[8, 8, 4]",192,"[96, 96, 48]",3
3,4,15.621256120432118,0.610962525025025,0.641490226984024,0.586805,76338.955,61.41,45.02,"[32, 128, 128]","[2, 1, 3]","[5, 3, 3]","[4, 8, 4]",192,"[96, 96, 48]",2
3,5,32.75382516096242,1.086155600044489,0.6606406968832016,0.137844,95343.24833333332,55.92,42.26,"[16, 48, 64]","[2, 2, 1]","[3, 5, 3]","[8, 8, 4]",64,"[96, 96, 48]",2
3,6,8.378243410008828,2.4438501001001,1.8558645367622375,0.332389,101170.6775,50.56,53.42,"[16, 48, 64]","[2, 1, 3]","[3, 5, 5]","[8, 8, 4]",128,"[64, 64, 32]",3
3,7,12.234805398008076,0.610962525025025,0.6687303602695465,1.054581,90070.66333333334,57.65,43.98,"[32, 32, 128]","[2, 1, 3]","[5, 5, 5]","[8, 8, 4]",192,"[96, 96, 48]",2
3,8,0.3889442638200384,0.15274063125625625,1.8953973746299744,0.983556,86299.47833333332,61.52,41.82,"[32, 128, 128]","[2, 2, 1]","[5, 5, 5]","[8, 4, 4]",64,"[64, 64, 32]",2
3,9,15.335917536707452,0.610962525025025,0.5690440332889557,1.422261,97945.575,62.21,44.1,"[32, 128, 128]","[2, 1, 3]","[5, 5, 5]","[8, 4, 8]",128,"[96, 96, 48]",2
3,10,13.457736457272716,0.610962525025025,0.6074559563398361,1.422261,84212.605,61.43,44.48,"[32, 128, 128]","[2, 1, 3]","[5, 5, 5]","[8, 4, 4]",128,"[96, 96, 48]",2
3,11,85.04584867171195,2.4438501001001,0.6140378856658936,0.142838,91062.17,39.25,58.94,"[16, 16, 64]","[2, 2, 3]","[5, 3, 3]","[4, 8, 4]",192,"[96, 96, 48]",3
3,12,2.936916482863919,0.610962525025025,1.3370329082012176,1.201733,97841.025,59.88,44.38,"[48, 64, 128]","[2, 1, 3]","[3, 5, 5]","[8, 4, 8]",256,"[48, 48, 32]",2
3,13,20.41614676667027,0.610962525025025,0.6124509859085083,0.220661,95365.21666666666,57.81,43.0,"[32, 32, 128]","[3, 2, 1]","[5, 5, 3]","[8, 8, 4]",192,"[96, 96, 48]",2
3,14,1.6856056307918095,0.610962525025025,2.0133430480957033,0.445318,110120.815,53.89,57.84,"[32, 32, 128]","[2, 2, 3]","[5, 3, 3]","[8, 8, 4]",192,"[64, 64, 32]",3
3,15,4.550085556488988,0.610962525025025,1.3018781793117524,0.208325,95358.06666666667,58.36,43.0,"[32, 32, 128]","[3, 2, 1]","[5, 5, 3]","[8, 8, 4]",192,"[64, 64, 32]",2
3,16,8.324848660842685,0.610962525025025,0.904490659236908,0.452421,90249.33083333334,58.59,44.24,"[32, 32, 128]","[2, 1, 3]","[5, 5, 3]","[8, 8, 4]",192,"[64, 64, 32]",2
3,17,0.00708321457304272,0.15274063125625625,13.874087419509888,1.065623,98956.68,61.87,47.76,"[32, 128, 128]","[3, 2, 3]","[3, 5, 3]","[8, 8, 4]",256,"[96, 96, 16]",2
3,18,3.9100019499230196,0.610962525025025,1.2817577242851257,0.588549,103287.3275,53.72,54.15,"[32, 128, 128]","[2, 1, 3]","[3, 5, 3]","[8, 8, 4]",64,"[64, 64, 32]",3
3,19,12.75684694503137,0.610962525025025,0.6549043685197831,1.054581,97601.4,58.27,43.92,"[32, 32, 128]","[2, 1, 3]","[5, 5, 5]","[8, 4, 8]",192,"[96, 96, 48]",2
4,0,104.77216475253304,2.4438501001001,0.5532210427522659,0.142838,91062.17,39.25,58.94,"[16, 16, 64]","[2, 2, 3]","[5, 3, 3]","[4, 8, 4]",192,"[96, 96, 48]",3
4,1,72.53442048925798,2.4438501001001,0.6563877719640732,0.185845,107827.03,52.08,58.17,"[32, 32, 128]","[3, 2, 1]","[3, 5, 3]","[8, 8, 4]",192,"[96, 96, 48]",3
4,2,12.186640461504078,0.610962525025025,0.6384956049919128,1.420341,97869.955,62.07,44.26,"[32, 128, 128]","[2, 1, 3]","[3, 5, 5]","[8, 4, 8]",192,"[96, 96, 48]",2
4,3,20.85160156125626,1.6971181250695138,1.034151872396469,0.140485,96682.39666666667,58.92,43.88,"[32, 32, 128]","[3, 2, 1]","[3, 5, 3]","[8, 8, 4]",64,"[64, 64, 32]",2
4,4,17.28214629181048,0.610962525025025,0.6061491465568543,0.617397,84530.1,61.7,44.88,"[32, 128, 128]","[2, 1, 3]","[3, 5, 3]","[8, 4, 4]",128,"[96, 96, 48]",2
4,5,16.395891721550925,0.610962525025025,0.5515545707941055,1.403829,97869.955,61.99,44.26,"[32, 128, 128]","[2, 1, 3]","[3, 5, 5]","[8, 4, 8]",128,"[96, 96, 48]",2
4,6,0.38433962233072294,0.15274063125625625,1.9870689392089844,0.736004,89202.51,51.33,52.21,"[32, 128, 128]","[2, 2, 1]","[3, 5, 3]","[4, 8, 4]",192,"[64, 64, 32]",3
4,7,17.006027753499602,0.610962525025025,0.5672154027223587,1.054581,97601.4,58.27,43.92,"[32, 32, 128]","[2, 1, 3]","[5, 5, 5]","[8, 4, 8]",192,"[96, 96, 48]",2
4,8,1.1099028227833136,0.15274063125625625,1.1693052065372467,0.736004,92147.88166666665,62.1,41.5,"[32, 128, 128]","[2, 2, 1]","[3, 5, 3]","[8, 8, 4]",192,"[64, 64, 32]",2
4,9,13.909438884048688,0.610962525025025,0.5975111132860184,1.422261,97945.575,62.21,44.1,"[32, 128, 128]","[2, 1, 3]","[5, 5, 5]","[8, 4, 8]",128,"[96, 96, 48]",2
4,10,13.926694118635643,0.610962525025025,0.5971408385038376,1.422261,84212.605,61.43,44.48,"[32, 128, 128]","[2, 1, 3]","[5, 5, 5]","[8, 4, 4]",128,"[96, 96, 48]",2
4,11,18.2535999600771,0.610962525025025,0.5934357446432114,0.586805,76338.955,61.41,45.02,"[32, 128, 128]","[2, 1, 3]","[5, 3, 3]","[4, 8, 4]",192,"[96, 96, 48]",2
4,12,86.56644932588381,2.4438501001001,0.592152379155159,0.236948,92407.14833333332,56.47,42.7,"[16, 48, 64]","[2, 1, 2]","[5, 5, 5]","[8, 8, 4]",64,"[96, 96, 48]",2
4,13,88.28310072129099,2.4438501001001,0.5779881143569946,0.290166,92245.12,52.88,46.12,"[16, 16, 64]","[2, 2, 3]","[5, 5, 5]","[8, 4, 4]",128,"[96, 96, 48]",2
4,14,102.49292573610066,2.4438501001001,0.5521861183643341,0.185845,107827.03,52.08,58.17,"[32, 32, 128]","[3, 2, 1]","[3, 5, 3]","[8, 8, 4]",192,"[96, 96, 48]",3
4,15,12.783420874382466,2.4438501001001,1.5877965235710143,0.13463,108542.745,41.78,61.71,"[16, 16, 64]","[2, 2, 3]","[5, 3, 3]","[8, 8, 4]",192,"[96, 48, 32]",3
4,16,95.28804249116952,2.4438501001001,0.5793686038255692,0.146965,76824.96,48.42,44.7,"[16, 48, 64]","[2, 1, 3]","[5, 3, 3]","[4, 8, 4]",64,"[96, 96, 48]",2
4,17,80.44675643524234,2.4438501001001,0.6185597556829453,0.21215,94936.53,51.52,60.83,"[16, 64, 64]","[2, 2, 3]","[5, 3, 3]","[4, 8, 4]",192,"[96, 96, 48]",3
4,18,17.38160354341501,2.4438501001001,1.2895258343219758,0.329189,91289.645,48.83,52.76,"[16, 48, 64]","[2, 1, 3]","[5, 5, 5]","[8, 4, 4]",64,"[64, 64, 32]",3
4,19,10.78528485328103,0.610962525025025,0.6814031410217285,1.387317,99222.085,62.24,44.86,"[32, 128, 128]","[2, 1, 3]","[3, 5, 5]","[8, 4, 8]",64,"[96, 96, 48]",2
5,0,87.40773389270166,2.4438501001001,0.6056849563121796,0.142838,91062.17,39.25,58.94,"[16, 16, 64]","[2, 2, 3]","[5, 3, 3]","[4, 8, 4]",192,"[96, 96, 48]",3
5,1,90.21506444925456,2.4438501001001,0.588562986254692,0.185845,107827.03,52.08,58.17,"[32, 32, 128]","[3, 2, 1]","[3, 5, 3]","[8, 8, 4]",192,"[96, 96, 48]",3
5,2,96.22877306176211,2.4438501001001,0.5745157217979431,0.158517,94011.315,42.2,57.94,"[16, 64, 64]","[2, 1, 3]","[5, 3, 3]","[8, 4, 4]",64,"[96, 96, 48]",3
5,3,3.326111972408467,0.610962525025025,1.2230859363079072,1.414053,75264.58,60.67,44.62,"[32, 128, 128]","[2, 1, 3]","[5, 5, 5]","[4, 8, 4]",128,"[96, 48, 32]",2
5,4,79.70611552942522,2.4438501001001,0.6408037883043289,0.109972,76709.605,43.99,42.14,"[16, 48, 64]","[2, 1, 2]","[5, 3, 3]","[4, 8, 4]",64,"[96, 96, 48]",2
5,5,88.96630183947522,2.4438501001001,0.6003561198711396,0.142838,108773.005,42.07,62.14,"[16, 16, 64]","[2, 2, 3]","[5, 3, 3]","[8, 8, 4]",192,"[96, 96, 48]",3
5,6,79.85957972662327,2.4438501001001,0.6165166354179382,0.236948,92407.14833333332,56.47,42.7,"[16, 48, 64]","[2, 1, 2]","[5, 5, 5]","[8, 8, 4]",64,"[96, 96, 48]",2
5,7,1.1949197185464866,2.4438501001001,5.089041037559509,0.202742,96832.75,50.9,60.81,"[16, 64, 64]","[2, 2, 3]","[5, 3, 3]","[4, 8, 4]",192,"[96, 48, 16]",3
5,8,61.43749643467696,2.4438501001001,0.7220568883419037,0.144597,87177.21,46.82,44.12,"[16, 16, 64]","[2, 1, 3]","[5, 5, 3]","[8, 4, 4]",192,"[96, 96, 48]",2
5,9,84.34822128224235,2.4438501001001,0.6111894136667252,0.171925,75908.13,51.36,44.46,"[16, 48, 64]","[2, 1, 3]","[5, 3, 3]","[4, 8, 4]",256,"[96, 96, 48]",2
5,10,32.72264722103658,2.4438501001001,0.9398328626155853,0.329189,91289.645,48.83,52.76,"[16, 48, 64]","[2, 1, 3]","[5, 5, 5]","[8, 4, 4]",64,"[64, 64, 32]",3
5,11,95.08037849445441,2.4438501001001,0.5807326394319534,0.142838,78604.26,48.55,45.86,"[16, 16, 64]","[2, 2, 3]","[5, 3, 3]","[4, 8, 4]",192,"[96, 96, 48]",2
5,12,79.17730575398454,2.4438501001001,0.6380175858736038,0.134518,78033.7,46.9,45.74,"[16, 16, 64]","[2, 2, 3]","[5, 3, 3]","[4, 8, 4]",128,"[96, 96, 48]",2
5,13,85.68398998865307,2.4438501001001,0.5951938617229462,0.236948,92407.14833333332,56.47,42.7,"[16, 48, 64]","[2, 1, 2]","[5, 5, 5]","[8, 8, 4]",64,"[96, 96, 48]",2
5,14,61.22057652904828,1.6971181250695138,0.5953913670778275,0.185845,87745.91333333332,56.79,43.6,"[32, 32, 128]","[3, 2, 1]","[3, 5, 3]","[8, 4, 4]",192,"[96, 96, 48]",2
5,15,28.269850944658582,2.4438501001001,1.0657946372032165,0.140485,103160.80333333332,49.75,53.51,"[32, 32, 128]","[3, 2, 1]","[3, 5, 3]","[8, 8, 4]",64,"[64, 64, 32]",3
5,16,95.14994554093653,2.4438501001001,0.5749016612768173,0.175157,75987.19,51.77,44.54,"[16, 64, 64]","[2, 1, 3]","[5, 3, 3]","[4, 8, 4]",192,"[96, 96, 48]",2
5,17,99.16407420890272,2.4438501001001,0.5724156910181045,0.121524,92460.16583333332,48.71,42.96,"[16, 64, 64]","[2, 1, 2]","[5, 3, 3]","[8, 8, 4]",64,"[96, 96, 48]",2
5,18,22.201967568014325,2.4438501001001,1.1409830462932586,0.329189,87130.67,57.88,44.96,"[16, 48, 64]","[2, 1, 3]","[5, 5, 5]","[8, 4, 4]",64,"[64, 64, 32]",2
5,19,18.9948678612942,0.610962525025025,0.5857137179374695,0.553781,95086.22,54.47,57.26,"[32, 128, 128]","[2, 1, 3]","[5, 3, 3]","[4, 8, 4]",64,"[96, 96, 48]",3
6,0,84.94762089183948,2.4438501001001,0.6184621948003769,0.121524,92460.16583333332,48.71,42.96,"[16, 64, 64]","[2, 1, 2]","[5, 3, 3]","[8, 8, 4]",64,"[96, 96, 48]",2
6,1,59.525469844775145,2.4438501001001,0.7304712665081025,0.158517,94011.315,42.2,57.94,"[16, 64, 64]","[2, 1, 3]","[5, 3, 3]","[8, 4, 4]",64,"[96, 96, 48]",3
6,2,91.8371248499992,2.4438501001001,0.5871942865848542,0.163605,91457.73,45.23,57.91,"[16, 48, 64]","[2, 1, 3]","[5, 3, 3]","[4, 8, 4]",192,"[96, 96, 48]",3
6,3,79.33464697217855,2.4438501001001,0.6391348791122436,0.125684,91785.77583333333,52.33,43.0,"[16, 64, 64]","[2, 1, 2]","[5, 3, 3]","[8, 8, 4]",96,"[96, 96, 48]",2
6,4,21.629838121929808,0.610962525025025,0.560466914176941,0.457654,111223.945,54.73,61.44,"[32, 32, 128]","[2, 2, 3]","[5, 3, 3]","[8, 8, 4]",192,"[96, 96, 48]",3
6,5,72.68643922109887,2.4438501001001,0.6239820027351379,0.371509,102949.1725,51.08,54.88,"[16, 64, 64]","[2, 1, 3]","[5, 5, 5]","[8, 8, 4]",64,"[96, 96, 48]",3
6,6,350.96014109454876,9.7754004004004,0.603969520330429,0.14591,89818.67,40.24,58.75,"[16, 16, 64]","[2, 2, 3]","[3, 5, 3]","[4, 8, 4]",192,"[96, 96, 48]",3
6,7,44.58737841910199,1.6971181250695138,0.6762512052059173,0.298612,89407.93083333335,56.65,42.88,"[32, 32, 128]","[2, 1, 2]","[3, 5, 3]","[8, 8, 4]",192,"[96, 96, 48]",2
6,8,98.61507731616254,2.4438501001001,0.5761017000675202,0.109972,102259.0825,40.63,55.37,"[16, 48, 64]","[2, 1, 2]","[5, 3, 3]","[8, 8, 4]",64,"[96, 96, 48]",3
6,9,86.12045936933292,2.4438501001001,0.6142364627122879,0.121524,92460.16583333332,48.71,42.96,"[16, 64, 64]","[2, 1, 2]","[5, 3, 3]","[8, 8, 4]",64,"[96, 96, 48]",2
6,10,89.15105207208855,2.4438501001001,0.5968857133388519,0.158517,94011.315,42.2,57.94,"[16, 64, 64]","[2, 1, 3]","[5, 3, 3]","[8, 4, 4]",64,"[96, 96, 48]",3
6,11,78.82802729772189,2.4438501001001,0.6377954614162445,0.142838,91062.17,39.25,58.94,"[16, 16, 64]","[2, 2, 3]","[5, 3, 3]","[4, 8, 4]",192,"[96, 96, 48]",3
6,12,77.06430320251532,2.4438501001001,0.6372459733486175,0.183477,92359.67,45.2,56.88,"[16, 64, 64]","[2, 1, 3]","[5, 3, 3]","[4, 8, 4]",256,"[96, 96, 48]",3
6,13,85.79342810124234,2.4438501001001,0.6246242624521255,0.075285,85935.94833333332,36.33,54.88,"[16, 16, 64]","[3, 2, 1]","[5, 3, 3]","[4, 8, 4]",192,"[96, 96, 48]",3
6,14,89.92009327646657,2.4438501001001,0.5964112222194672,0.146965,94419.185,41.16,57.96,"[16, 48, 64]","[2, 1, 3]","[5, 3, 3]","[8, 4, 4]",64,"[96, 96, 48]",3
6,15,88.47767006007467,2.4438501001001,0.6020116204023361,0.142838,91062.17,39.25,58.94,"[16, 16, 64]","[2, 2, 3]","[5, 3, 3]","[4, 8, 4]",192,"[96, 96, 48]",3
6,16,57.758631808746074,2.4438501001001,0.7199919140338897,0.261908,91111.79833333334,56.14,42.34,"[16, 48, 64]","[2, 1, 2]","[5, 5, 5]","[8, 8, 4]",256,"[96, 96, 48]",2
6,17,20.87996219148094,1.086155600044489,0.7683186423778534,0.413814,97879.815,59.04,45.48,"[16, 48, 64]","[2, 2, 3]","[5, 5, 5]","[8, 8, 4]",192,"[96, 96, 48]",2
6,18,96.88271509088523,2.4438501001001,0.5761314421892166,0.138164,91811.85583333333,53.16,43.0,"[16, 64, 64]","[2, 1, 2]","[5, 3, 3]","[8, 8, 4]",192,"[96, 96, 48]",2
6,19,69.67070136510111,2.4438501001001,0.6784169703722001,0.142838,99216.175,51.64,46.34,"[16, 16, 64]","[2, 2, 3]","[5, 3, 3]","[8, 8, 4]",192,"[96, 96, 48]",2
7,0,396.7126299087333,9.7754004004004,0.5680752408504486,0.14591,89818.67,40.24,58.75,"[16, 16, 64]","[2, 2, 3]","[3, 5, 3]","[4, 8, 4]",192,"[96, 96, 48]",3
7,1,99.10384508135557,2.4438501001001,0.5746793109178543,0.109972,102259.0825,40.63,55.37,"[16, 48, 64]","[2, 1, 2]","[5, 3, 3]","[8, 8, 4]",64,"[96, 96, 48]",3
7,2,83.56523777402901,2.4438501001001,0.6155710232257843,0.163605,91457.73,45.23,57.91,"[16, 48, 64]","[2, 1, 3]","[5, 3, 3]","[4, 8, 4]",192,"[96, 96, 48]",3
7,3,74.41992084008069,2.4438501001001,0.6522985792160034,0.163605,91457.73,45.23,57.91,"[16, 48, 64]","[2, 1, 3]","[5, 3, 3]","[4, 8, 4]",192,"[96, 96, 48]",3
7,4,80.41362116003772,2.4438501001001,0.6314761275053025,0.142838,91062.17,39.25,58.94,"[16, 16, 64]","[2, 2, 3]","[5, 3, 3]","[4, 8, 4]",192,"[96, 96, 48]",3
7,5,94.22322626262428,2.4438501001001,0.5863748151063919,0.126198,97542.695,39.07,60.2,"[16, 16, 64]","[2, 2, 3]","[5, 3, 3]","[8, 4, 4]",64,"[96, 96, 48]",3
7,6,78.64459742326038,2.4438501001001,0.625606843829155,0.21215,94936.53,51.52,60.83,"[16, 64, 64]","[2, 2, 3]","[5, 3, 3]","[4, 8, 4]",192,"[96, 96, 48]",3
7,7,87.97650411758336,2.4438501001001,0.6029632437229157,0.146965,94419.185,41.16,57.96,"[16, 48, 64]","[2, 1, 3]","[5, 3, 3]","[8, 4, 4]",64,"[96, 96, 48]",3
7,8,92.70238404813487,2.4438501001001,0.5853410124778747,0.158517,94011.315,42.2,57.94,"[16, 64, 64]","[2, 1, 3]","[5, 3, 3]","[8, 4, 4]",64,"[96, 96, 48]",3
7,9,68.79256710285799,2.4438501001001,0.6949059581756591,0.086868,90825.00083333334,40.31,42.5,"[16, 16, 64]","[2, 1, 2]","[5, 3, 3]","[8, 8, 4]",64,"[96, 96, 48]",2
7,10,76.50160864405444,2.4438501001001,0.6483500194549561,0.138164,91811.85583333333,53.16,43.0,"[16, 64, 64]","[2, 1, 2]","[5, 3, 3]","[8, 8, 4]",192,"[96, 96, 48]",2
7,11,80.79946011136863,2.4438501001001,0.636453469991684,0.109972,102259.0825,40.63,55.37,"[16, 48, 64]","[2, 1, 2]","[5, 3, 3]","[8, 8, 4]",64,"[96, 96, 48]",3
7,12,82.75273809459722,2.4438501001001,0.6185856086015701,0.163605,91457.73,45.23,57.91,"[16, 48, 64]","[2, 1, 3]","[5, 3, 3]","[4, 8, 4]",192,"[96, 96, 48]",3
7,13,91.02971573698198,2.4438501001001,0.6063930934667587,0.075285,106317.655,40.21,58.51,"[16, 16, 64]","[3, 2, 1]","[5, 3, 3]","[8, 8, 4]",192,"[96, 96, 48]",3
7,14,62.12397212363058,2.4438501001001,0.695996013879776,0.252596,93269.18333333332,56.7,43.0,"[16, 64, 64]","[2, 1, 2]","[5, 3, 5]","[8, 8, 4]",64,"[96, 96, 48]",2
7,15,80.14482692267771,2.4438501001001,0.6367237359285355,0.121524,76575.255,45.3,42.86,"[16, 64, 64]","[2, 1, 2]","[5, 3, 3]","[4, 8, 4]",64,"[96, 96, 48]",2
7,16,85.83255547651372,2.4438501001001,0.6142883342504502,0.126612,87007.8,39.9,54.3,"[16, 48, 64]","[2, 1, 2]","[5, 3, 3]","[4, 8, 4]",192,"[96, 96, 48]",3
7,17,65.97444420542016,2.4438501001001,0.7017799896001816,0.121524,101580.1825,42.35,55.49,"[16, 64, 64]","[2, 1, 2]","[5, 3, 3]","[8, 8, 4]",64,"[96, 96, 48]",3
7,18,61.010784133790025,2.4438501001001,0.7297692692279816,0.121524,92460.16583333332,48.71,42.96,"[16, 64, 64]","[2, 1, 2]","[5, 3, 3]","[8, 8, 4]",64,"[96, 96, 48]",2
7,19,87.754318027423,2.4438501001001,0.6049209129810333,0.140501,86251.26,38.02,54.56,"[16, 16, 64]","[2, 1, 3]","[5, 3, 3]","[4, 8, 4]",192,"[96, 96, 48]",3
8,0,386.3486765468314,9.7754004004004,0.5756442493200302,0.14591,89818.67,40.24,58.75,"[16, 16, 64]","[2, 2, 3]","[3, 5, 3]","[4, 8, 4]",192,"[96, 96, 48]",3
8,1,70.31162135380916,2.4438501001001,0.6822717314958573,0.109972,102259.0825,40.63,55.37,"[16, 48, 64]","[2, 1, 2]","[5, 3, 3]","[8, 8, 4]",64,"[96, 96, 48]",3
8,2,85.08152078408644,2.4438501001001,0.5987109899520874,0.22847,92563.63,52.54,61.05,"[16, 48, 64]","[2, 2, 3]","[3, 5, 3]","[4, 8, 4]",192,"[96, 96, 48]",3
8,3,81.75545259597472,2.4438501001001,0.6254834908246995,0.146965,94419.185,41.16,57.96,"[16, 48, 64]","[2, 1, 3]","[5, 3, 3]","[8, 4, 4]",64,"[96, 96, 48]",3
8,4,95.09476664910638,2.4438501001001,0.581104861497879,0.140501,86251.26,38.02,54.56,"[16, 16, 64]","[2, 1, 3]","[5, 3, 3]","[4, 8, 4]",192,"[96, 96, 48]",3
8,5,79.1593839333269,2.4438501001001,0.6502714473009109,0.075285,106317.655,40.21,58.51,"[16, 16, 64]","[3, 2, 1]","[5, 3, 3]","[8, 8, 4]",192,"[96, 96, 48]",3
8,6,360.1370284821534,9.7754004004004,0.6004907232522965,0.122837,84896.96,37.09,53.77,"[16, 16, 64]","[2, 1, 3]","[3, 5, 3]","[4, 8, 4]",64,"[96, 96, 48]",3
8,7,68.72494537226886,2.4438501001001,0.6787875354290008,0.163605,106081.8225,49.08,59.56,"[16, 48, 64]","[2, 1, 3]","[5, 3, 3]","[8, 8, 4]",192,"[96, 96, 48]",3
8,8,100.66702734623247,2.4438501001001,0.5608507484197617,0.163605,94998.385,44.9,58.76,"[16, 48, 64]","[2, 1, 3]","[5, 3, 3]","[8, 4, 4]",192,"[96, 96, 48]",3
8,9,79.45151036238703,2.4438501001001,0.6390282940864563,0.123861,86044.85,37.97,53.3,"[16, 16, 64]","[2, 1, 3]","[5, 3, 3]","[4, 8, 4]",64,"[96, 96, 48]",3
8,10,65.84779066244586,2.4438501001001,0.7013386499881744,0.126612,103917.8125,42.58,58.1,"[16, 48, 64]","[2, 1, 2]","[5, 3, 3]","[8, 8, 4]",192,"[96, 96, 48]",3
8,11,78.73800595946139,2.4438501001001,0.6520091396570206,0.075285,106317.655,40.21,58.51,"[16, 16, 64]","[3, 2, 1]","[5, 3, 3]","[8, 8, 4]",192,"[96, 96, 48]",3
8,12,89.7745853488967,2.4438501001001,0.5948092502355575,0.158517,94011.315,42.2,57.94,"[16, 64, 64]","[2, 1, 3]","[5, 3, 3]","[8, 4, 4]",64,"[96, 96, 48]",3
8,13,83.21484068755134,2.4438501001001,0.6168656724691391,0.163605,91457.73,45.23,57.91,"[16, 48, 64]","[2, 1, 3]","[5, 3, 3]","[4, 8, 4]",192,"[96, 96, 48]",3
8,14,78.23714214283132,2.4438501001001,0.6361866164207458,0.163605,91457.73,45.23,57.91,"[16, 48, 64]","[2, 1, 3]","[5, 3, 3]","[4, 8, 4]",192,"[96, 96, 48]",3
8,15,84.56217511818208,2.4438501001001,0.6111655396223068,0.167798,109251.365,53.59,61.56,"[16, 48, 64]","[2, 2, 3]","[5, 3, 3]","[8, 8, 4]",64,"[96, 96, 48]",3
8,16,92.02794958114288,2.4438501001001,0.5907081413269043,0.140501,106284.9125,39.17,58.53,"[16, 16, 64]","[2, 1, 3]","[5, 3, 3]","[8, 8, 4]",192,"[96, 96, 48]",3
8,17,20.76908863036831,0.610962525025025,0.5620702421665191,0.537397,94855.91,54.7,58.57,"[48, 64, 128]","[2, 1, 3]","[5, 3, 3]","[4, 8, 4]",192,"[96, 96, 48]",3
8,18,91.19779071283686,2.4438501001001,0.5959449017047882,0.126612,87007.8,39.9,54.3,"[16, 48, 64]","[2, 1, 2]","[5, 3, 3]","[4, 8, 4]",192,"[96, 96, 48]",3
8,19,85.36652318471765,2.4438501001001,0.6160422992706299,0.126198,97542.695,39.07,60.2,"[16, 16, 64]","[2, 2, 3]","[5, 3, 3]","[8, 4, 4]",64,"[96, 96, 48]",3
9,0,372.86728672970855,9.7754004004004,0.5859583628177643,0.14591,89818.67,40.24,58.75,"[16, 16, 64]","[2, 2, 3]","[3, 5, 3]","[4, 8, 4]",192,"[96, 96, 48]",3
9,1,258.88184858781057,9.7754004004004,0.7082547575235367,0.122837,84896.96,37.09,53.77,"[16, 16, 64]","[2, 1, 3]","[3, 5, 3]","[4, 8, 4]",64,"[96, 96, 48]",3
9,2,68.93403273066424,2.4438501001001,0.6769087958335877,0.167798,109251.365,53.59,61.56,"[16, 48, 64]","[2, 2, 3]","[5, 3, 3]","[8, 8, 4]",64,"[96, 96, 48]",3
9,3,69.69559025064433,2.4438501001001,0.6774412190914154,0.146965,94419.185,41.16,57.96,"[16, 48, 64]","[2, 1, 3]","[5, 3, 3]","[8, 4, 4]",64,"[96, 96, 48]",3
9,4,23.95041123428074,0.610962525025025,0.5695295578241348,0.195574,99098.155,56.17,60.23,"[32, 48, 64]","[2, 2, 3]","[5, 3, 3]","[8, 4, 4]",64,"[96, 96, 48]",3
9,5,182.55146925633534,4.8877002002002,0.5889690715074539,0.163765,90552.91,45.37,57.44,"[16, 48, 64]","[2, 1, 3]","[3, 5, 3]","[4, 8, 4]",192,"[96, 48, 48]",3
9,6,90.90089462625062,2.4438501001001,0.5881847685575485,0.175157,94671.835,46.05,58.48,"[16, 64, 64]","[2, 1, 3]","[5, 3, 3]","[8, 4, 4]",192,"[96, 96, 48]",3
9,7,93.21921584475295,2.4438501001001,0.5865012896060944,0.142838,108773.005,42.07,62.14,"[16, 16, 64]","[2, 2, 3]","[5, 3, 3]","[8, 8, 4]",192,"[96, 96, 48]",3
9,8,332.3769467268896,9.7754004004004,0.6206238949298859,0.14591,89818.67,40.24,58.75,"[16, 16, 64]","[2, 2, 3]","[3, 5, 3]","[4, 8, 4]",192,"[96, 96, 48]",3
9,9,45.18810973008875,2.4438501001001,0.8319543135166169,0.184438,93695.43,49.74,61.09,"[16, 48, 64]","[2, 2, 3]","[5, 3, 3]","[4, 8, 4]",192,"[96, 96, 48]",3
9,10,66.92315623289788,2.4438501001001,0.6956810355186462,0.126612,91499.855,39.58,56.44,"[16, 48, 64]","[2, 1, 2]","[5, 3, 3]","[8, 4, 4]",192,"[96, 96, 48]",3
9,11,341.0857968341669,9.7754004004004,0.6157966011762619,0.12927,90073.26,38.7,58.66,"[16, 16, 64]","[2, 2, 3]","[3, 5, 3]","[4, 8, 4]",64,"[96, 96, 48]",3
9,12,290.93704884564977,9.7754004004004,0.672188115119934,0.103542,87673.75666666665,36.7,60.11,"[16, 16, 48]","[2, 2, 3]","[3, 5, 3]","[4, 8, 4]",192,"[96, 96, 48]",3
9,13,86.91406772507108,2.4438501001001,0.6013529390096665,0.176118,97348.735,48.53,61.13,"[16, 48, 64]","[2, 2, 3]","[5, 3, 3]","[8, 4, 4]",128,"[96, 96, 48]",3
9,14,84.95361428601984,2.4438501001001,0.6067709314823151,0.184404,82381.31,37.57,50.58,"[16, 16, 64]","[2, 1, 2]","[3, 5, 5]","[4, 8, 4]",192,"[96, 96, 48]",3
9,15,86.12743122986026,2.4438501001001,0.606345608830452,0.163605,94998.385,44.9,58.76,"[16, 48, 64]","[2, 1, 3]","[5, 3, 3]","[8, 4, 4]",192,"[96, 96, 48]",3
9,16,82.09192113512104,2.4438501001001,0.609914807677269,0.226133,91505.895,48.5,58.66,"[16, 48, 64]","[1, 2, 3]","[3, 5, 3]","[4, 8, 4]",192,"[96, 96, 48]",3
9,17,97.36567957657968,2.4438501001001,0.5742881548404694,0.140501,106284.9125,39.17,58.53,"[16, 16, 64]","[2, 1, 3]","[5, 3, 3]","[8, 8, 4]",192,"[96, 96, 48]",3
9,18,373.46286974473657,9.7754004004004,0.5866454142332077,0.139477,85196.18,37.49,55.09,"[16, 16, 64]","[2, 1, 3]","[3, 5, 3]","[4, 8, 4]",192,"[96, 96, 48]",3
9,19,97.73441899334951,2.4438501001001,0.5761655992269517,0.123861,92708.315,38.63,57.02,"[16, 16, 64]","[2, 1, 3]","[5, 3, 3]","[8, 4, 4]",64,"[96, 96, 48]",3
10,0,294.7304151985728,9.7754004004004,0.6603694897890091,0.139477,85196.18,37.49,55.09,"[16, 16, 64]","[2, 1, 3]","[3, 5, 3]","[4, 8, 4]",192,"[96, 96, 48]",3
10,1,375.60387976754623,9.7754004004004,0.5838198548555374,0.14591,89818.67,40.24,58.75,"[16, 16, 64]","[2, 2, 3]","[3, 5, 3]","[4, 8, 4]",192,"[96, 96, 48]",3
10,2,79.11321050467133,2.4438501001001,0.639926141500473,0.126198,91135.79,39.27,58.72,"[16, 16, 64]","[2, 2, 3]","[5, 3, 3]","[4, 8, 4]",64,"[96, 96, 48]",3
10,3,195.35735598414809,4.8877002002002,0.5693380975723267,0.163765,90552.91,45.37,57.44,"[16, 48, 64]","[2, 1, 3]","[3, 5, 3]","[4, 8, 4]",192,"[96, 48, 48]",3
10,4,211.31536386878375,9.7754004004004,0.7783564782142639,0.14591,89818.67,40.24,58.75,"[16, 16, 64]","[2, 2, 3]","[3, 5, 3]","[4, 8, 4]",192,"[96, 96, 48]",3
10,5,324.3198803873695,9.7754004004004,0.6295245337486267,0.139477,85196.18,37.49,55.09,"[16, 16, 64]","[2, 1, 3]","[3, 5, 3]","[4, 8, 4]",192,"[96, 96, 48]",3
10,6,380.49634447129586,9.7754004004004,0.5811980438232421,0.139477,85196.18,37.49,55.09,"[16, 16, 64]","[2, 1, 3]","[3, 5, 3]","[4, 8, 4]",192,"[96, 96, 48]",3
10,7,78.38892703067812,2.4438501001001,0.6235166907310485,0.229782,93244.25,52.54,60.91,"[16, 48, 64]","[2, 2, 3]","[3, 5, 3]","[4, 8, 4]",256,"[96, 48, 48]",3
10,8,80.3919700106855,2.4438501001001,0.6352794790267944,0.123861,92708.315,38.63,57.02,"[16, 16, 64]","[2, 1, 3]","[5, 3, 3]","[8, 4, 4]",64,"[96, 96, 48]",3
10,9,272.4859512815129,9.7754004004004,0.6854439502954484,0.14591,89818.67,40.24,58.75,"[16, 16, 64]","[2, 2, 3]","[3, 5, 3]","[4, 8, 4]",192,"[96, 96, 48]",3
10,10,87.80512993191223,2.4438501001001,0.601791118979454,0.156597,94300.485,42.09,58.76,"[16, 48, 64]","[2, 1, 3]","[5, 3, 3]","[8, 4, 4]",192,"[96, 48, 48]",3
10,11,408.1013153507487,9.7754004004004,0.5600926411151886,0.14591,89818.67,40.24,58.75,"[16, 16, 64]","[2, 2, 3]","[3, 5, 3]","[4, 8, 4]",192,"[96, 96, 48]",3
10,12,318.1338338659918,9.7754004004004,0.6389035552740097,0.122837,91294.8,37.89,56.61,"[16, 16, 64]","[2, 1, 3]","[3, 5, 3]","[8, 4, 4]",64,"[96, 96, 48]",3
10,13,87.67415931622219,2.4438501001001,0.6047639727592469,0.142838,108773.005,42.07,62.14,"[16, 16, 64]","[2, 2, 3]","[5, 3, 3]","[8, 8, 4]",192,"[96, 96, 48]",3
10,14,90.37069927691492,2.4438501001001,0.5991799879074097,0.123861,92708.315,38.63,57.02,"[16, 16, 64]","[2, 1, 3]","[5, 3, 3]","[8, 4, 4]",64,"[96, 96, 48]",3
10,15,68.57261389155838,2.4438501001001,0.6333433747291565,0.431413,106817.2225,51.94,58.63,"[16, 64, 128]","[2, 1, 3]","[5, 3, 3]","[8, 8, 4]",64,"[96, 96, 48]",3
10,16,331.35309974337747,9.7754004004004,0.6215819889307022,0.14591,89818.67,40.24,58.75,"[16, 16, 64]","[2, 2, 3]","[3, 5, 3]","[4, 8, 4]",192,"[96, 96, 48]",3
10,17,379.62633312515453,9.7754004004004,0.588453414440155,0.103542,87673.75666666665,36.7,60.11,"[16, 16, 48]","[2, 2, 3]","[3, 5, 3]","[4, 8, 4]",192,"[96, 96, 48]",3
10,18,98.1186430294078,2.4438501001001,0.5720803606510162,0.140501,86251.26,38.02,54.56,"[16, 16, 64]","[2, 1, 3]","[5, 3, 3]","[4, 8, 4]",192,"[96, 96, 48]",3
10,19,382.5676527338648,9.7754004004004,0.5814534348249435,0.12927,90073.26,38.7,58.66,"[16, 16, 64]","[2, 2, 3]","[3, 5, 3]","[4, 8, 4]",64,"[96, 96, 48]",3
11,0,323.0430438235109,9.7754004004004,0.6295261174440384,0.14591,89818.67,40.24,58.75,"[16, 16, 64]","[2, 2, 3]","[3, 5, 3]","[4, 8, 4]",192,"[96, 96, 48]",3
11,1,389.9165175389254,9.7754004004004,0.5759479540586472,0.12927,90073.26,38.7,58.66,"[16, 16, 64]","[2, 2, 3]","[3, 5, 3]","[4, 8, 4]",64,"[96, 96, 48]",3
11,2,357.0427744900459,9.7754004004004,0.6018786865472794,0.12927,96151.575,38.69,60.15,"[16, 16, 64]","[2, 2, 3]","[3, 5, 3]","[8, 4, 4]",64,"[96, 96, 48]",3
11,3,348.2598981434999,9.7754004004004,0.6075019639730453,0.139477,85196.18,37.49,55.09,"[16, 16, 64]","[2, 1, 3]","[3, 5, 3]","[4, 8, 4]",192,"[96, 96, 48]",3
11,4,231.77793790725656,9.7754004004004,0.7470216381549836,0.12927,90073.26,38.7,58.66,"[16, 16, 64]","[2, 2, 3]","[3, 5, 3]","[4, 8, 4]",64,"[96, 96, 48]",3
11,5,269.65186543230993,9.7754004004004,0.692576049566269,0.12927,90073.26,38.7,58.66,"[16, 16, 64]","[2, 2, 3]","[3, 5, 3]","[4, 8, 4]",64,"[96, 96, 48]",3
11,6,373.2306538063397,9.7754004004004,0.5880977392196656,0.132469,85196.18,36.99,55.01,"[16, 16, 64]","[2, 1, 3]","[3, 5, 3]","[4, 8, 4]",192,"[96, 48, 48]",3
11,7,397.83453741104165,9.7754004004004,0.5683922266960144,0.139477,85196.18,37.49,55.09,"[16, 16, 64]","[2, 1, 3]","[3, 5, 3]","[4, 8, 4]",192,"[96, 96, 48]",3
11,8,354.8938940861623,9.7754004004004,0.609838370680809,0.09727,87478.75666666665,36.63,60.16,"[16, 16, 48]","[2, 2, 3]","[3, 5, 3]","[4, 8, 4]",128,"[96, 96, 48]",3
11,9,0,27.15389000111222,999,0.12927,155698.31,50.99,155.63,"[16, 16, 64]","[2, 2, 3]","[3, 5, 3]","[4, 8, 4]",64,"[96, 96, 48]",4
11,10,347.39348271049266,9.7754004004004,0.6070620590448379,0.14591,89818.67,40.24,58.75,"[16, 16, 64]","[2, 2, 3]","[3, 5, 3]","[4, 8, 4]",192,"[96, 96, 48]",3
11,11,387.6661959151996,9.7754004004004,0.5787769109010696,0.122837,84896.96,37.09,53.77,"[16, 16, 64]","[2, 1, 3]","[3, 5, 3]","[4, 8, 4]",64,"[96, 96, 48]",3
11,12,411.2578122989714,9.7754004004004,0.5608051013946533,0.12927,90073.26,38.7,58.66,"[16, 16, 64]","[2, 2, 3]","[3, 5, 3]","[4, 8, 4]",64,"[96, 96, 48]",3
11,13,287.4166481340082,9.7754004004004,0.6674028062820434,0.14591,89818.67,40.24,58.75,"[16, 16, 64]","[2, 2, 3]","[3, 5, 3]","[4, 8, 4]",192,"[96, 96, 48]",3
11,14,228.3490525627723,9.7754004004004,0.748763132095337,0.14591,89818.67,40.24,58.75,"[16, 16, 64]","[2, 2, 3]","[3, 5, 3]","[4, 8, 4]",192,"[96, 96, 48]",3
11,15,350.40348797704104,9.7754004004004,0.6137652748823166,0.097109,82470.12666666666,34.69,56.38,"[16, 16, 48]","[2, 1, 3]","[3, 5, 3]","[4, 8, 4]",192,"[96, 96, 48]",3
11,16,303.67366317413575,9.7754004004004,0.6505728030204773,0.139477,85196.18,37.49,55.09,"[16, 16, 64]","[2, 1, 3]","[3, 5, 3]","[4, 8, 4]",192,"[96, 96, 48]",3
11,17,355.3939522888846,9.7754004004004,0.6029200279712676,0.131157,84429.92,36.73,53.75,"[16, 16, 64]","[2, 1, 3]","[3, 5, 3]","[4, 8, 4]",128,"[96, 96, 48]",3
11,18,309.23099669675884,9.7754004004004,0.6434317010641099,0.14591,89818.67,40.24,58.75,"[16, 16, 64]","[2, 2, 3]","[3, 5, 3]","[4, 8, 4]",192,"[96, 96, 48]",3
11,19,72.57831552148143,2.4438501001001,0.6408411073684692,0.270293,93168.445,42.09,54.27,"[16, 16, 64]","[2, 1, 3]","[3, 5, 5]","[8, 4, 4]",64,"[96, 96, 48]",3
12,0,362.27871794083137,9.7754004004004,0.5975134319067001,0.12927,90073.26,38.7,58.66,"[16, 16, 64]","[2, 2, 3]","[3, 5, 3]","[4, 8, 4]",64,"[96, 96, 48]",3
12,1,285.80920638482905,9.7754004004004,0.6705966520309449,0.139477,85196.18,37.49,55.09,"[16, 16, 64]","[2, 1, 3]","[3, 5, 3]","[4, 8, 4]",192,"[96, 96, 48]",3
12,2,374.9143600008879,9.7754004004004,0.5945666116476059,0.090837,82316.09,33.66,56.03,"[16, 16, 48]","[2, 1, 3]","[3, 5, 3]","[4, 8, 4]",128,"[96, 96, 48]",3
12,3,259.5619997899433,9.7754004004004,0.7054955458641052,0.131157,84429.92,36.73,53.75,"[16, 16, 64]","[2, 1, 3]","[3, 5, 3]","[4, 8, 4]",128,"[96, 96, 48]",3
12,4,385.91995640203703,9.7754004004004,0.5800848817825317,0.122837,84896.96,37.09,53.77,"[16, 16, 64]","[2, 1, 3]","[3, 5, 3]","[4, 8, 4]",64,"[96, 96, 48]",3
12,5,271.0065685309936,9.7754004004004,0.6873122727870942,0.14591,89818.67,40.24,58.75,"[16, 16, 64]","[2, 2, 3]","[3, 5, 3]","[4, 8, 4]",192,"[96, 96, 48]",3
12,6,335.5370708445827,9.7754004004004,0.618912393450737,0.139477,85196.18,37.49,55.09,"[16, 16, 64]","[2, 1, 3]","[3, 5, 3]","[4, 8, 4]",192,"[96, 96, 48]",3
12,7,340.2984095080625,9.7754004004004,0.6133579117059708,0.14591,89818.67,40.24,58.75,"[16, 16, 64]","[2, 2, 3]","[3, 5, 3]","[4, 8, 4]",192,"[96, 96, 48]",3
12,8,386.37134934742147,9.7754004004004,0.5785842436552048,0.12927,90073.26,38.7,58.66,"[16, 16, 64]","[2, 2, 3]","[3, 5, 3]","[4, 8, 4]",64,"[96, 96, 48]",3
12,9,341.62988142900747,9.7754004004004,0.6137246638536453,0.13759,89701.59,39.08,58.56,"[16, 16, 64]","[2, 2, 3]","[3, 5, 3]","[4, 8, 4]",128,"[96, 96, 48]",3
12,10,336.0430311694373,9.7754004004004,0.6213033545017242,0.124598,87794.82,38.73,56.3,"[16, 16, 64]","[2, 2, 3]","[3, 5, 3]","[4, 8, 4]",64,"[96, 64, 48]",3
12,11,336.6955622188907,9.7754004004004,0.6166308361291886,0.14591,89818.67,40.24,58.75,"[16, 16, 64]","[2, 2, 3]","[3, 5, 3]","[4, 8, 4]",192,"[96, 96, 48]",3
12,12,376.81578711897123,9.7754004004004,0.5852933830022812,0.132469,85196.18,36.99,55.01,"[16, 16, 64]","[2, 1, 3]","[3, 5, 3]","[4, 8, 4]",192,"[96, 48, 48]",3
12,13,76.62512715755659,2.4438501001001,0.6226157236099243,0.276726,92780.34,44.05,57.75,"[16, 16, 64]","[2, 2, 3]","[3, 5, 5]","[4, 8, 4]",64,"[96, 96, 48]",3
12,14,379.77253626960055,9.7754004004004,0.5830105030536652,0.132469,85196.18,36.99,55.01,"[16, 16, 64]","[2, 1, 3]","[3, 5, 3]","[4, 8, 4]",192,"[96, 48, 48]",3
12,15,373.435710924351,9.7754004004004,0.5870073598623275,0.13759,95596.095,38.33,59.99,"[16, 16, 64]","[2, 2, 3]","[3, 5, 3]","[8, 4, 4]",128,"[96, 96, 48]",3
12,16,385.9944209186399,10.182708750417083,0.5927504700422287,0.118741,86134.95,36.5,55.07,"[16, 16, 64]","[2, 1, 3]","[3, 3, 3]","[4, 8, 4]",64,"[96, 96, 48]",3
12,17,251.9299725067043,9.7754004004004,0.7142653918266296,0.139477,85196.18,37.49,55.09,"[16, 16, 64]","[2, 1, 3]","[3, 5, 3]","[4, 8, 4]",192,"[96, 96, 48]",3
12,18,326.4272742325639,9.7754004004004,0.6307351094484329,0.122837,84896.96,37.09,53.77,"[16, 16, 64]","[2, 1, 3]","[3, 5, 3]","[4, 8, 4]",64,"[96, 96, 48]",3
12,19,0,27.15389000111222,999,0.132469,142281.20416666666,47.94,141.28,"[16, 16, 64]","[2, 1, 3]","[3, 5, 3]","[4, 8, 4]",192,"[96, 48, 48]",4
13,0,328.24660242837837,9.7754004004004,0.6277243834733963,0.12927,90073.26,38.7,58.66,"[16, 16, 64]","[2, 2, 3]","[3, 5, 3]","[4, 8, 4]",64,"[96, 96, 48]",3
13,1,356.16555784493664,10.182708750417083,0.6170729225873948,0.118741,86134.95,36.5,55.07,"[16, 16, 64]","[2, 1, 3]","[3, 3, 3]","[4, 8, 4]",64,"[96, 96, 48]",3
13,2,246.95594752612524,9.7754004004004,0.7200029754638672,0.14591,89818.67,40.24,58.75,"[16, 16, 64]","[2, 2, 3]","[3, 5, 3]","[4, 8, 4]",192,"[96, 96, 48]",3
13,3,400.2786448598382,10.182708750417083,0.5820780158042907,0.118741,86134.95,36.5,55.07,"[16, 16, 64]","[2, 1, 3]","[3, 3, 3]","[4, 8, 4]",64,"[96, 96, 48]",3
13,4,383.1367467349753,10.182708750417083,0.5949569195508957,0.118741,86134.95,36.5,55.07,"[16, 16, 64]","[2, 1, 3]","[3, 3, 3]","[4, 8, 4]",64,"[96, 96, 48]",3
13,5,340.28448471445387,9.7754004004004,0.6240875452756882,0.090837,82316.09,33.66,56.03,"[16, 16, 48]","[2, 1, 3]","[3, 5, 3]","[4, 8, 4]",128,"[96, 96, 48]",3
13,6,338.45381113359156,9.7754004004004,0.6207925528287888,0.115829,84896.96,37.02,53.62,"[16, 16, 64]","[2, 1, 3]","[3, 5, 3]","[4, 8, 4]",64,"[96, 48, 48]",3
13,7,204.02638194610265,9.7754004004004,0.7941608953475953,0.13759,89701.59,39.08,58.56,"[16, 16, 64]","[2, 2, 3]","[3, 5, 3]","[4, 8, 4]",128,"[96, 96, 48]",3
13,8,379.83945375756366,10.182708750417083,0.5944448512792587,0.135381,86333.75,36.84,55.87,"[16, 16, 64]","[2, 1, 3]","[3, 3, 3]","[4, 8, 4]",192,"[96, 96, 48]",3
13,9,365.5384253375848,9.7754004004004,0.5944949895143509,0.131157,90720.81,37.51,56.52,"[16, 16, 64]","[2, 1, 3]","[3, 5, 3]","[8, 4, 4]",128,"[96, 96, 48]",3
13,10,351.33508782742905,9.7754004004004,0.6036471539735794,0.14591,89818.67,40.24,58.75,"[16, 16, 64]","[2, 2, 3]","[3, 5, 3]","[4, 8, 4]",192,"[96, 96, 48]",3
13,11,388.3853771216088,9.7754004004004,0.5755989855527878,0.13759,89701.59,39.08,58.56,"[16, 16, 64]","[2, 2, 3]","[3, 5, 3]","[4, 8, 4]",128,"[96, 96, 48]",3
13,12,315.746088471878,9.7754004004004,0.6400297218561173,0.12927,90073.26,38.7,58.66,"[16, 16, 64]","[2, 2, 3]","[3, 5, 3]","[4, 8, 4]",64,"[96, 96, 48]",3
13,13,331.748857949309,9.7754004004004,0.6240365588665009,0.131157,84429.92,36.73,53.75,"[16, 16, 64]","[2, 1, 3]","[3, 5, 3]","[4, 8, 4]",128,"[96, 96, 48]",3
13,14,364.4589719582836,9.7754004004004,0.5951327478885651,0.132469,85196.18,36.99,55.01,"[16, 16, 64]","[2, 1, 3]","[3, 5, 3]","[4, 8, 4]",192,"[96, 48, 48]",3
13,15,360.81029234256397,9.7754004004004,0.597189307808876,0.13759,95596.095,38.33,59.99,"[16, 16, 64]","[2, 2, 3]","[3, 5, 3]","[8, 4, 4]",128,"[96, 96, 48]",3
13,16,326.17225930560966,9.7754004004004,0.6297172784805298,0.12927,90073.26,38.7,58.66,"[16, 16, 64]","[2, 2, 3]","[3, 5, 3]","[4, 8, 4]",64,"[96, 96, 48]",3
13,17,368.59731177495746,9.7754004004004,0.5917824554443359,0.132469,91119.94,37.34,57.51,"[16, 16, 64]","[2, 1, 3]","[3, 5, 3]","[8, 4, 4]",192,"[96, 48, 48]",3
13,18,200.5666891504744,9.7754004004004,0.8006578147411346,0.138902,89803.16,39.19,58.68,"[16, 16, 64]","[2, 2, 3]","[3, 5, 3]","[4, 8, 4]",192,"[96, 48, 48]",3
13,19,241.85736139591233,9.7754004004004,0.7305646455287933,0.132469,85196.18,36.99,55.01,"[16, 16, 64]","[2, 1, 3]","[3, 5, 3]","[4, 8, 4]",192,"[96, 48, 48]",3
14,0,380.93285495718754,10.182708750417083,0.5966755056381225,0.118741,86134.95,36.5,55.07,"[16, 16, 64]","[2, 1, 3]","[3, 3, 3]","[4, 8, 4]",64,"[96, 96, 48]",3
14,1,314.72421556289197,9.7754004004004,0.6394203448295593,0.13759,89701.59,39.08,58.56,"[16, 16, 64]","[2, 2, 3]","[3, 5, 3]","[4, 8, 4]",128,"[96, 96, 48]",3
14,2,372.7613289946332,10.182708750417083,0.6031801038980484,0.118741,86134.95,36.5,55.07,"[16, 16, 64]","[2, 1, 3]","[3, 3, 3]","[4, 8, 4]",64,"[96, 96, 48]",3
14,3,323.1894112086598,10.182708750417083,0.6458416616916657,0.128373,85841.61,36.37,55.79,"[16, 16, 64]","[2, 1, 3]","[3, 3, 3]","[4, 8, 4]",192,"[96, 48, 48]",3
14,4,315.24425424121796,9.7754004004004,0.6385220003128051,0.139477,85196.18,37.49,55.09,"[16, 16, 64]","[2, 1, 3]","[3, 5, 3]","[4, 8, 4]",192,"[96, 96, 48]",3
14,5,297.1539117091781,9.7754004004004,0.6593622255325318,0.131157,90720.81,37.51,56.52,"[16, 16, 64]","[2, 1, 3]","[3, 5, 3]","[8, 4, 4]",128,"[96, 96, 48]",3
14,6,340.13094546839864,9.7754004004004,0.616660361289978,0.12927,90073.26,38.7,58.66,"[16, 16, 64]","[2, 2, 3]","[3, 5, 3]","[4, 8, 4]",64,"[96, 96, 48]",3
14,7,330.05641219285604,9.7754004004004,0.6256344664096832,0.131157,90720.81,37.51,56.52,"[16, 16, 64]","[2, 1, 3]","[3, 5, 3]","[8, 4, 4]",128,"[96, 96, 48]",3
14,8,282.4183609789203,9.7754004004004,0.6778219848871231,0.124149,90770.45,37.51,56.45,"[16, 16, 64]","[2, 1, 3]","[3, 5, 3]","[8, 4, 4]",128,"[96, 48, 48]",3
14,9,378.95324007816157,9.7754004004004,0.5812340921163559,0.14591,89818.67,40.24,58.75,"[16, 16, 64]","[2, 2, 3]","[3, 5, 3]","[4, 8, 4]",192,"[96, 96, 48]",3
14,10,81.14491772796751,2.5456771876042708,0.5949275451898575,0.426293,94275.36,45.23,58.16,"[16, 64, 128]","[2, 1, 3]","[3, 3, 3]","[4, 8, 4]",64,"[96, 96, 48]",3
14,11,375.2239159020982,9.7754004004004,0.5856069362163544,0.13759,89701.59,39.08,58.56,"[16, 16, 64]","[2, 2, 3]","[3, 5, 3]","[4, 8, 4]",128,"[96, 96, 48]",3
14,12,382.9419098577918,9.7754004004004,0.5796755874156951,0.13759,89701.59,39.08,58.56,"[16, 16, 64]","[2, 2, 3]","[3, 5, 3]","[4, 8, 4]",128,"[96, 96, 48]",3
14,13,379.94833238776533,10.182708750417083,0.5958948439359665,0.127061,85242.285,36.37,55.72,"[16, 16, 64]","[2, 1, 3]","[3, 3, 3]","[8, 4, 4]",128,"[96, 96, 48]",3
14,14,373.279152504049,10.182708750417083,0.5996457290649414,0.135381,86333.75,36.84,55.87,"[16, 16, 64]","[2, 1, 3]","[3, 3, 3]","[4, 8, 4]",192,"[96, 96, 48]",3
14,15,102.31778912094427,10.182708750417083,1.144520364999771,0.137718,86496.23,38.54,57.76,"[16, 16, 64]","[2, 2, 3]","[3, 3, 3]","[4, 8, 4]",192,"[96, 96, 48]",3
14,16,400.8517613747096,9.7754004004004,0.5674743521213531,0.132469,85196.18,36.99,55.01,"[16, 16, 64]","[2, 1, 3]","[3, 5, 3]","[4, 8, 4]",192,"[96, 48, 48]",3
14,17,315.893617282482,9.7754004004004,0.6366101104021072,0.14591,89818.67,40.24,58.75,"[16, 16, 64]","[2, 2, 3]","[3, 5, 3]","[4, 8, 4]",192,"[96, 96, 48]",3
14,18,368.7845487960479,9.7754004004004,0.5903547221422195,0.139477,91259.14,37.7,57.51,"[16, 16, 64]","[2, 1, 3]","[3, 5, 3]","[8, 4, 4]",192,"[96, 96, 48]",3
14,19,391.6633226116781,9.7754004004004,0.571725322008133,0.14591,89818.67,40.24,58.75,"[16, 16, 64]","[2, 2, 3]","[3, 5, 3]","[4, 8, 4]",192,"[96, 96, 48]",3
15,0,384.8218137207081,9.7754004004004,0.5791730034351349,0.132469,85196.18,36.99,55.01,"[16, 16, 64]","[2, 1, 3]","[3, 5, 3]","[4, 8, 4]",192,"[96, 48, 48]",3
15,1,310.3582292833014,9.7754004004004,0.6422621524333954,0.14591,89818.67,40.24,58.75,"[16, 16, 64]","[2, 2, 3]","[3, 5, 3]","[4, 8, 4]",192,"[96, 96, 48]",3
15,2,350.6893451754366,10.182708750417083,0.6198048025369645,0.129398,90095.3,38.04,59.19,"[16, 16, 64]","[2, 2, 3]","[3, 3, 3]","[8, 4, 4]",128,"[96, 96, 48]",3
15,3,344.58369458889337,10.182708750417083,0.6257265347242356,0.127061,85852.17,36.14,55.05,"[16, 16, 64]","[2, 1, 3]","[3, 3, 3]","[4, 8, 4]",128,"[96, 96, 48]",3
15,4,280.80240893269774,9.7754004004004,0.6782884043455124,0.131157,84429.92,36.73,53.75,"[16, 16, 64]","[2, 1, 3]","[3, 5, 3]","[4, 8, 4]",128,"[96, 96, 48]",3
15,5,0,27.15389000111222,999,0.139477,142288.73416666666,48.05,141.28,"[16, 16, 64]","[2, 1, 3]","[3, 5, 3]","[4, 8, 4]",192,"[96, 96, 48]",4
15,6,377.0784715997417,9.7754004004004,0.5826772004365921,0.14591,89818.67,40.24,58.75,"[16, 16, 64]","[2, 2, 3]","[3, 5, 3]","[4, 8, 4]",192,"[96, 96, 48]",3
15,7,333.5114874750657,10.182708750417083,0.6343898904323578,0.135381,85527.565,37.0,56.63,"[16, 16, 64]","[2, 1, 3]","[3, 3, 3]","[8, 4, 4]",192,"[96, 96, 48]",3
15,8,343.5261194338206,9.7754004004004,0.6104696059226989,0.14591,89818.67,40.24,58.75,"[16, 16, 64]","[2, 2, 3]","[3, 5, 3]","[4, 8, 4]",192,"[96, 96, 48]",3
15,9,417.65900077303445,10.182708750417083,0.5683566439151764,0.127061,85242.285,36.37,55.72,"[16, 16, 64]","[2, 1, 3]","[3, 3, 3]","[8, 4, 4]",128,"[96, 96, 48]",3
15,10,369.2585413360258,10.182708750417083,0.6029014682769775,0.135381,86333.75,36.84,55.87,"[16, 16, 64]","[2, 1, 3]","[3, 3, 3]","[4, 8, 4]",192,"[96, 96, 48]",3
15,11,333.18996871308,10.182708750417083,0.6379938817024231,0.118741,86134.95,36.5,55.07,"[16, 16, 64]","[2, 1, 3]","[3, 3, 3]","[4, 8, 4]",64,"[96, 96, 48]",3
15,12,212.78339483007773,10.182708750417083,0.796275247335434,0.127061,85852.17,36.14,55.05,"[16, 16, 64]","[2, 1, 3]","[3, 3, 3]","[4, 8, 4]",128,"[96, 96, 48]",3
15,13,236.883062620433,9.7754004004004,0.7351518321037293,0.14591,89818.67,40.24,58.75,"[16, 16, 64]","[2, 2, 3]","[3, 5, 3]","[4, 8, 4]",192,"[96, 96, 48]",3
15,14,325.12572094378095,9.7754004004004,0.631996339559555,0.122837,84896.96,37.09,53.77,"[16, 16, 64]","[2, 1, 3]","[3, 5, 3]","[4, 8, 4]",64,"[96, 96, 48]",3
15,15,332.40804928223804,9.7754004004004,0.62059485912323,0.14591,89818.67,40.24,58.75,"[16, 16, 64]","[2, 2, 3]","[3, 5, 3]","[4, 8, 4]",192,"[96, 96, 48]",3
15,16,382.16838032502295,9.7754004004004,0.5787839949131012,0.14591,89818.67,40.24,58.75,"[16, 16, 64]","[2, 2, 3]","[3, 5, 3]","[4, 8, 4]",192,"[96, 96, 48]",3
15,17,159.64890005845623,9.7754004004004,0.8995326232910156,0.131269,90702.75,37.55,56.75,"[16, 16, 64]","[2, 1, 3]","[3, 5, 3]","[8, 4, 4]",192,"[96, 48, 32]",3
15,18,165.62205294689062,10.182708750417083,0.9002285301685333,0.135381,86333.75,36.84,55.87,"[16, 16, 64]","[2, 1, 3]","[3, 3, 3]","[4, 8, 4]",192,"[96, 96, 48]",3
15,19,207.63678369006453,6.788472500278055,0.654350717663765,0.14591,77983.91,48.62,45.74,"[16, 16, 64]","[2, 2, 3]","[3, 5, 3]","[4, 8, 4]",192,"[96, 96, 48]",2
16,0,413.2812496047887,10.182708750417083,0.5713589262962341,0.127061,85242.285,36.37,55.72,"[16, 16, 64]","[2, 1, 3]","[3, 3, 3]","[8, 4, 4]",128,"[96, 96, 48]",3
16,1,345.2136793233874,9.7754004004004,0.6114968055486679,0.132469,85196.18,36.99,55.01,"[16, 16, 64]","[2, 1, 3]","[3, 5, 3]","[4, 8, 4]",192,"[96, 48, 48]",3
16,2,334.8104140308301,9.7754004004004,0.6183643704652786,0.14591,89818.67,40.24,58.75,"[16, 16, 64]","[2, 2, 3]","[3, 5, 3]","[4, 8, 4]",192,"[96, 96, 48]",3
16,3,404.7402347974586,10.182708750417083,0.5788608974218369,0.118741,86134.95,36.5,55.07,"[16, 16, 64]","[2, 1, 3]","[3, 3, 3]","[4, 8, 4]",64,"[96, 96, 48]",3
16,4,356.78572485850833,9.7754004004004,0.5990184229612351,0.14591,96000.925,38.75,60.47,"[16, 16, 64]","[2, 2, 3]","[3, 5, 3]","[8, 4, 4]",192,"[96, 96, 48]",3
16,5,403.73106240409896,10.182708750417083,0.5776570647954941,0.129398,90095.3,38.04,59.19,"[16, 16, 64]","[2, 2, 3]","[3, 3, 3]","[8, 4, 4]",128,"[96, 96, 48]",3
16,6,409.2717631324992,10.182708750417083,0.5726716542243957,0.135381,85527.565,37.0,56.63,"[16, 16, 64]","[2, 1, 3]","[3, 3, 3]","[8, 4, 4]",192,"[96, 96, 48]",3
16,7,83.45931901424528,2.5456771876042708,0.5916716873645782,0.390005,89988.09,42.38,56.04,"[16, 16, 128]","[2, 1, 3]","[3, 3, 3]","[4, 8, 4]",192,"[96, 48, 48]",3
16,8,218.7637430240274,6.788472500278055,0.6390951120853424,0.137718,76718.98,46.5,45.7,"[16, 16, 64]","[2, 2, 3]","[3, 3, 3]","[4, 8, 4]",192,"[96, 96, 48]",2
16,9,392.56487156842917,10.182708750417083,0.5847306740283966,0.135381,85527.565,37.0,56.63,"[16, 16, 64]","[2, 1, 3]","[3, 3, 3]","[8, 4, 4]",192,"[96, 96, 48]",3
16,10,166.33480922611193,9.7754004004004,0.880941026210785,0.132469,85196.18,36.99,55.01,"[16, 16, 64]","[2, 1, 3]","[3, 5, 3]","[4, 8, 4]",192,"[96, 48, 48]",3
16,11,267.7334432998165,10.182708750417083,0.7098730754852295,0.127061,85852.17,36.14,55.05,"[16, 16, 64]","[2, 1, 3]","[3, 3, 3]","[4, 8, 4]",128,"[96, 96, 48]",3
16,12,401.83809851991344,9.7754004004004,0.5655536538362503,0.139477,85196.18,37.49,55.09,"[16, 16, 64]","[2, 1, 3]","[3, 5, 3]","[4, 8, 4]",192,"[96, 96, 48]",3
16,13,362.66493256965936,10.182708750417083,0.6099287903308869,0.127061,85852.17,36.14,55.05,"[16, 16, 64]","[2, 1, 3]","[3, 3, 3]","[4, 8, 4]",128,"[96, 96, 48]",3
16,14,279.769874099186,10.182708750417083,0.692147057056427,0.137718,86496.23,38.54,57.76,"[16, 16, 64]","[2, 2, 3]","[3, 3, 3]","[4, 8, 4]",192,"[96, 96, 48]",3
16,15,294.5768359195254,10.182708750417083,0.6785208803415298,0.118741,86134.95,36.5,55.07,"[16, 16, 64]","[2, 1, 3]","[3, 3, 3]","[4, 8, 4]",64,"[96, 96, 48]",3
16,16,317.9419532604155,10.182708750417083,0.6480783742666244,0.143701,86309.97,37.05,55.07,"[16, 16, 64]","[2, 1, 3]","[3, 3, 3]","[4, 8, 4]",256,"[96, 96, 48]",3
16,17,401.29436289970727,10.182708750417083,0.5783357727527618,0.135381,85527.565,37.0,56.63,"[16, 16, 64]","[2, 1, 3]","[3, 3, 3]","[8, 4, 4]",192,"[96, 96, 48]",3
16,18,349.9385867953669,10.182708750417083,0.6209205186367035,0.127061,85852.17,36.14,55.05,"[16, 16, 64]","[2, 1, 3]","[3, 3, 3]","[4, 8, 4]",128,"[96, 96, 48]",3
16,19,353.0932116928336,10.182708750417083,0.6197517597675324,0.118741,85776.765,36.73,55.74,"[16, 16, 64]","[2, 1, 3]","[3, 3, 3]","[8, 4, 4]",64,"[96, 96, 48]",3
17,0,368.90328825357864,10.182708750417083,0.6047496789693833,0.127061,85242.285,36.37,55.72,"[16, 16, 64]","[2, 1, 3]","[3, 3, 3]","[8, 4, 4]",128,"[96, 96, 48]",3
17,1,214.40985057635802,10.182708750417083,0.7912057244777679,0.135381,85527.565,37.0,56.63,"[16, 16, 64]","[2, 1, 3]","[3, 3, 3]","[8, 4, 4]",192,"[96, 96, 48]",3
17,2,367.5862134292423,10.182708750417083,0.6058321321010589,0.127061,85242.285,36.37,55.72,"[16, 16, 64]","[2, 1, 3]","[3, 3, 3]","[8, 4, 4]",128,"[96, 96, 48]",3
17,3,393.71955204477234,10.182708750417083,0.586906504034996,0.118741,85776.765,36.73,55.74,"[16, 16, 64]","[2, 1, 3]","[3, 3, 3]","[8, 4, 4]",64,"[96, 96, 48]",3
17,4,356.08254961904447,9.7754004004004,0.6007918977737426,0.139477,85196.18,37.49,55.09,"[16, 16, 64]","[2, 1, 3]","[3, 5, 3]","[4, 8, 4]",192,"[96, 96, 48]",3
17,5,336.31289363880984,9.7754004004004,0.6181981116533279,0.139477,91259.14,37.7,57.51,"[16, 16, 64]","[2, 1, 3]","[3, 5, 3]","[8, 4, 4]",192,"[96, 96, 48]",3
17,6,331.37150702764353,10.182708750417083,0.6380788737535477,0.127061,85852.17,36.14,55.05,"[16, 16, 64]","[2, 1, 3]","[3, 3, 3]","[4, 8, 4]",128,"[96, 96, 48]",3
17,7,415.32823209655277,9.7754004004004,0.5551983034610748,0.14591,96000.925,38.75,60.47,"[16, 16, 64]","[2, 2, 3]","[3, 5, 3]","[8, 4, 4]",192,"[96, 96, 48]",3
17,8,440.25824840218326,10.182708750417083,0.5550199836492539,0.118741,85776.765,36.73,55.74,"[16, 16, 64]","[2, 1, 3]","[3, 3, 3]","[8, 4, 4]",64,"[96, 96, 48]",3
17,9,66.31717055872168,2.4438501001001,0.6711500430107117,0.266197,92039.33,41.72,54.75,"[16, 16, 64]","[2, 1, 3]","[3, 3, 5]","[8, 4, 4]",64,"[96, 96, 48]",3
17,10,301.6247766323174,9.7754004004004,0.6514940685033799,0.14591,96000.925,38.75,60.47,"[16, 16, 64]","[2, 2, 3]","[3, 5, 3]","[8, 4, 4]",192,"[96, 96, 48]",3
17,11,216.87558418096341,10.182708750417083,0.7866951155662537,0.135381,85527.565,37.0,56.63,"[16, 16, 64]","[2, 1, 3]","[3, 3, 3]","[8, 4, 4]",192,"[96, 96, 48]",3
17,12,287.71553545947,10.182708750417083,0.6830146902799606,0.135381,86333.75,36.84,55.87,"[16, 16, 64]","[2, 1, 3]","[3, 3, 3]","[4, 8, 4]",192,"[96, 96, 48]",3
17,13,361.667659954837,10.182708750417083,0.6123611164093018,0.118741,85776.765,36.73,55.74,"[16, 16, 64]","[2, 1, 3]","[3, 3, 3]","[8, 4, 4]",64,"[96, 96, 48]",3
17,14,344.36621876519905,10.182708750417083,0.6259240847826004,0.127061,85852.17,36.14,55.05,"[16, 16, 64]","[2, 1, 3]","[3, 3, 3]","[4, 8, 4]",128,"[96, 96, 48]",3
17,15,305.8848781882088,10.182708750417083,0.6624188423156738,0.135381,85527.565,37.0,56.63,"[16, 16, 64]","[2, 1, 3]","[3, 3, 3]","[8, 4, 4]",192,"[96, 96, 48]",3
17,16,240.81544667560942,9.7754004004004,0.7343416357040405,0.122837,84896.96,37.09,53.77,"[16, 16, 64]","[2, 1, 3]","[3, 5, 3]","[4, 8, 4]",64,"[96, 96, 48]",3
17,17,377.5996416594675,10.182708750417083,0.5977452236413956,0.127061,85852.17,36.14,55.05,"[16, 16, 64]","[2, 1, 3]","[3, 3, 3]","[4, 8, 4]",128,"[96, 96, 48]",3
17,18,234.00791369043327,10.182708750417083,0.7593059158325195,0.127061,85852.17,36.14,55.05,"[16, 16, 64]","[2, 1, 3]","[3, 3, 3]","[4, 8, 4]",128,"[96, 96, 48]",3
17,19,406.8514324036116,10.182708750417083,0.5758560699224472,0.127061,85242.285,36.37,55.72,"[16, 16, 64]","[2, 1, 3]","[3, 3, 3]","[8, 4, 4]",128,"[96, 96, 48]",3
18,0,308.2230491189889,10.182708750417083,0.6633304631710053,0.118741,85776.765,36.73,55.74,"[16, 16, 64]","[2, 1, 3]","[3, 3, 3]","[8, 4, 4]",64,"[96, 96, 48]",3
18,1,289.8875103772943,9.7754004004004,0.6645524042844773,0.14591,96000.925,38.75,60.47,"[16, 16, 64]","[2, 2, 3]","[3, 5, 3]","[8, 4, 4]",192,"[96, 96, 48]",3
18,2,349.27748802667304,9.7754004004004,0.6054225939512253,0.14591,96000.925,38.75,60.47,"[16, 16, 64]","[2, 2, 3]","[3, 5, 3]","[8, 4, 4]",192,"[96, 96, 48]",3
18,3,396.3996820987402,10.182708750417083,0.5849190449714661,0.118741,85776.765,36.73,55.74,"[16, 16, 64]","[2, 1, 3]","[3, 3, 3]","[8, 4, 4]",64,"[96, 96, 48]",3
18,4,339.7971877067609,9.7754004004004,0.6150204253196716,0.139477,85196.18,37.49,55.09,"[16, 16, 64]","[2, 1, 3]","[3, 5, 3]","[4, 8, 4]",192,"[96, 96, 48]",3
18,5,300.6591389021138,10.182708750417083,0.6698765498399735,0.127061,85242.285,36.37,55.72,"[16, 16, 64]","[2, 1, 3]","[3, 3, 3]","[8, 4, 4]",128,"[96, 96, 48]",3
18,6,298.9413738679587,9.7754004004004,0.6544115602970123,0.14591,89818.67,40.24,58.75,"[16, 16, 64]","[2, 2, 3]","[3, 5, 3]","[4, 8, 4]",192,"[96, 96, 48]",3
18,7,411.4560638780543,10.182708750417083,0.5733688700199128,0.122901,85736.875,36.64,56.69,"[16, 16, 64]","[2, 1, 3]","[3, 3, 3]","[8, 4, 4]",96,"[96, 96, 48]",3
18,8,389.736754794881,10.182708750417083,0.5883641564846038,0.127061,85242.285,36.37,55.72,"[16, 16, 64]","[2, 1, 3]","[3, 3, 3]","[8, 4, 4]",128,"[96, 96, 48]",3
18,9,397.4226808039865,10.182708750417083,0.5826470583677292,0.127061,85242.285,36.37,55.72,"[16, 16, 64]","[2, 1, 3]","[3, 3, 3]","[8, 4, 4]",128,"[96, 96, 48]",3
18,10,359.08611847123063,10.182708750417083,0.61296067237854,0.127061,85242.285,36.37,55.72,"[16, 16, 64]","[2, 1, 3]","[3, 3, 3]","[8, 4, 4]",128,"[96, 96, 48]",3
18,11,397.64910203081996,10.182708750417083,0.5839994078874589,0.118741,85776.765,36.73,55.74,"[16, 16, 64]","[2, 1, 3]","[3, 3, 3]","[8, 4, 4]",64,"[96, 96, 48]",3
18,12,370.4938822592059,9.7754004004004,0.5905058324337006,0.131157,90720.81,37.51,56.52,"[16, 16, 64]","[2, 1, 3]","[3, 5, 3]","[8, 4, 4]",128,"[96, 96, 48]",3
18,13,344.1710862886171,10.182708750417083,0.6261014980077744,0.127061,85242.285,36.37,55.72,"[16, 16, 64]","[2, 1, 3]","[3, 3, 3]","[8, 4, 4]",128,"[96, 96, 48]",3
18,14,395.8594325930238,10.182708750417083,0.5822923600673675,0.135381,85527.565,37.0,56.63,"[16, 16, 64]","[2, 1, 3]","[3, 3, 3]","[8, 4, 4]",192,"[96, 96, 48]",3
18,15,412.3668467135834,10.182708750417083,0.5734829694032669,0.118741,85776.765,36.73,55.74,"[16, 16, 64]","[2, 1, 3]","[3, 3, 3]","[8, 4, 4]",64,"[96, 96, 48]",3
18,16,0,27.15389000111222,999,0.139477,166195.06333333332,48.62,149.97,"[16, 16, 64]","[2, 1, 3]","[3, 5, 3]","[8, 4, 4]",192,"[96, 96, 48]",4
18,17,315.2708460346297,10.182708750417083,0.6532199674844742,0.131735,92987.825,38.87,62.69,"[16, 16, 64]","[2, 3, 3]","[3, 3, 3]","[8, 4, 4]",128,"[96, 96, 48]",3
18,18,345.4527468540178,9.7754004004004,0.6099652564525604,0.139477,85196.18,37.49,55.09,"[16, 16, 64]","[2, 1, 3]","[3, 5, 3]","[4, 8, 4]",192,"[96, 96, 48]",3
18,19,418.81664481515065,10.182708750417083,0.567570606470108,0.127061,85242.285,36.37,55.72,"[16, 16, 64]","[2, 1, 3]","[3, 3, 3]","[8, 4, 4]",128,"[96, 96, 48]",3
19,0,354.41699329229715,10.182708750417083,0.6169850707054139,0.127061,85242.285,36.37,55.72,"[16, 16, 64]","[2, 1, 3]","[3, 3, 3]","[8, 4, 4]",128,"[96, 96, 48]",3
19,1,389.20158018449484,10.182708750417083,0.5903031766414643,0.118741,85776.765,36.73,55.74,"[16, 16, 64]","[2, 1, 3]","[3, 3, 3]","[8, 4, 4]",64,"[96, 96, 48]",3
19,2,399.8055634779216,9.7754004004004,0.5684473770856857,0.131157,90720.81,37.51,56.52,"[16, 16, 64]","[2, 1, 3]","[3, 5, 3]","[8, 4, 4]",128,"[96, 96, 48]",3
19,3,0,27.15389000111222,999,0.118741,160230.255,46.93,144.6,"[16, 16, 64]","[2, 1, 3]","[3, 3, 3]","[8, 4, 4]",64,"[96, 96, 48]",4
19,4,226.55587751477455,6.788472500278055,0.6103266483545303,0.235349,89934.48,42.05,58.41,"[16, 16, 96]","[2, 1, 3]","[3, 3, 3]","[8, 4, 4]",128,"[96, 96, 48]",3
19,5,359.70497976813084,10.182708750417083,0.6124331545829773,0.127061,85242.285,36.37,55.72,"[16, 16, 64]","[2, 1, 3]","[3, 3, 3]","[8, 4, 4]",128,"[96, 96, 48]",3
19,6,363.7502170558803,10.182708750417083,0.609018217921257,0.127061,85242.285,36.37,55.72,"[16, 16, 64]","[2, 1, 3]","[3, 3, 3]","[8, 4, 4]",128,"[96, 96, 48]",3
19,7,443.00040191490547,10.182708750417083,0.5532995390892029,0.118741,85776.765,36.73,55.74,"[16, 16, 64]","[2, 1, 3]","[3, 3, 3]","[8, 4, 4]",64,"[96, 96, 48]",3
19,8,328.2973071240689,10.182708750417083,0.6427303642034531,0.118741,85776.765,36.73,55.74,"[16, 16, 64]","[2, 1, 3]","[3, 3, 3]","[8, 4, 4]",64,"[96, 96, 48]",3
19,9,283.63080338899033,9.7754004004004,0.6748979461193084,0.131157,90720.81,37.51,56.52,"[16, 16, 64]","[2, 1, 3]","[3, 5, 3]","[8, 4, 4]",128,"[96, 96, 48]",3
19,10,326.30057029931606,10.182708750417083,0.6438534247875214,0.122901,85736.875,36.64,56.69,"[16, 16, 64]","[2, 1, 3]","[3, 3, 3]","[8, 4, 4]",96,"[96, 96, 48]",3
19,11,411.051213066797,9.7754004004004,0.5606175714731216,0.131157,90720.81,37.51,56.52,"[16, 16, 64]","[2, 1, 3]","[3, 5, 3]","[8, 4, 4]",128,"[96, 96, 48]",3
19,12,334.7183082220149,10.182708750417083,0.6348808240890503,0.127061,85242.285,36.37,55.72,"[16, 16, 64]","[2, 1, 3]","[3, 3, 3]","[8, 4, 4]",128,"[96, 96, 48]",3
19,13,434.06875322099336,10.182708750417083,0.5589630687236786,0.118741,85776.765,36.73,55.74,"[16, 16, 64]","[2, 1, 3]","[3, 3, 3]","[8, 4, 4]",64,"[96, 96, 48]",3
19,14,307.68791654159475,10.182708750417083,0.6639070475101471,0.118741,85776.765,36.73,55.74,"[16, 16, 64]","[2, 1, 3]","[3, 3, 3]","[8, 4, 4]",64,"[96, 96, 48]",3
19,15,394.3063885747752,10.182708750417083,0.586469601392746,0.118741,85776.765,36.73,55.74,"[16, 16, 64]","[2, 1, 3]","[3, 3, 3]","[8, 4, 4]",64,"[96, 96, 48]",3
19,16,0,27.15389000111222,999,0.127061,158839.5483333333,46.6,142.92,"[16, 16, 64]","[2, 1, 3]","[3, 3, 3]","[8, 4, 4]",128,"[96, 96, 48]",4
19,17,405.12167644825007,10.182708750417083,0.5778340220451355,0.122901,85736.875,36.64,56.69,"[16, 16, 64]","[2, 1, 3]","[3, 3, 3]","[8, 4, 4]",96,"[96, 96, 48]",3
19,18,258.9031617182071,10.182708750417083,0.7218772399425507,0.127061,85242.285,36.37,55.72,"[16, 16, 64]","[2, 1, 3]","[3, 3, 3]","[8, 4, 4]",128,"[96, 96, 48]",3
19,19,347.44344000921654,9.7754004004004,0.6082153314352036,0.139477,91259.14,37.7,57.51,"[16, 16, 64]","[2, 1, 3]","[3, 5, 3]","[8, 4, 4]",192,"[96, 96, 48]",3
20,0,434.1794594005036,10.182708750417083,0.5588918024301529,0.118741,85776.765,36.73,55.74,"[16, 16, 64]","[2, 1, 3]","[3, 3, 3]","[8, 4, 4]",64,"[96, 96, 48]",3
20,1,429.5288592540586,10.182708750417083,0.561909282207489,0.118741,85776.765,36.73,55.74,"[16, 16, 64]","[2, 1, 3]","[3, 3, 3]","[8, 4, 4]",64,"[96, 96, 48]",3
20,2,333.3484866768072,9.7754004004004,0.6241528737545013,0.122837,91294.8,37.89,56.61,"[16, 16, 64]","[2, 1, 3]","[3, 5, 3]","[8, 4, 4]",64,"[96, 96, 48]",3
20,3,350.73091889688686,9.7754004004004,0.6069147682189941,0.131157,90720.81,37.51,56.52,"[16, 16, 64]","[2, 1, 3]","[3, 5, 3]","[8, 4, 4]",128,"[96, 96, 48]",3
20,4,335.0095434413649,10.182708750417083,0.6362589162588119,0.118741,85776.765,36.73,55.74,"[16, 16, 64]","[2, 1, 3]","[3, 3, 3]","[8, 4, 4]",64,"[96, 96, 48]",3
20,5,384.85400311928913,10.182708750417083,0.5920847702026367,0.127061,85242.285,36.37,55.72,"[16, 16, 64]","[2, 1, 3]","[3, 3, 3]","[8, 4, 4]",128,"[96, 96, 48]",3
20,6,355.7913363402037,10.182708750417083,0.6173973566293717,0.118741,85776.765,36.73,55.74,"[16, 16, 64]","[2, 1, 3]","[3, 3, 3]","[8, 4, 4]",64,"[96, 96, 48]",3
20,7,349.5639828364149,10.182708750417083,0.6212531292438507,0.127061,85242.285,36.37,55.72,"[16, 16, 64]","[2, 1, 3]","[3, 3, 3]","[8, 4, 4]",128,"[96, 96, 48]",3
20,8,227.5373174913643,10.182708750417083,0.7720337283611297,0.118741,85776.765,36.73,55.74,"[16, 16, 64]","[2, 1, 3]","[3, 3, 3]","[8, 4, 4]",64,"[96, 96, 48]",3
20,9,351.5471527081774,10.182708750417083,0.6194983220100403,0.127061,85242.285,36.37,55.72,"[16, 16, 64]","[2, 1, 3]","[3, 3, 3]","[8, 4, 4]",128,"[96, 96, 48]",3
20,10,345.92745673538474,9.7754004004004,0.6259022980928421,0.057171,75368.89,27.49,46.43,"[16, 16, 64]","[2, 1, 1]","[3, 5, 3]","[8, 4, 4]",128,"[96, 96, 48]",3
20,11,364.38384137418717,10.182708750417083,0.6084884780645371,0.127061,85242.285,36.37,55.72,"[16, 16, 64]","[2, 1, 3]","[3, 3, 3]","[8, 4, 4]",128,"[96, 96, 48]",3
20,12,275.82092368895934,10.182708750417083,0.7002971786260604,0.122901,85736.875,36.64,56.69,"[16, 16, 64]","[2, 1, 3]","[3, 3, 3]","[8, 4, 4]",96,"[96, 96, 48]",3
20,13,397.51161662757033,10.182708750417083,0.5838597482442855,0.120053,85258.805,36.37,55.61,"[16, 16, 64]","[2, 1, 3]","[3, 3, 3]","[8, 4, 4]",128,"[96, 48, 48]",3
20,14,400.3237224830139,10.182708750417083,0.5805320703983307,0.127061,85242.285,36.37,55.72,"[16, 16, 64]","[2, 1, 3]","[3, 3, 3]","[8, 4, 4]",128,"[96, 96, 48]",3
20,15,396.4327568238002,10.182708750417083,0.5833740639686584,0.127061,85242.285,36.37,55.72,"[16, 16, 64]","[2, 1, 3]","[3, 3, 3]","[8, 4, 4]",128,"[96, 96, 48]",3
20,16,381.8399176030945,10.182708750417083,0.5950937443971633,0.123415,93605.475,39.3,62.91,"[16, 16, 64]","[2, 3, 3]","[3, 3, 3]","[8, 4, 4]",64,"[96, 96, 48]",3
20,17,391.7874995681445,10.182708750417083,0.5883518558740616,0.118741,85776.765,36.73,55.74,"[16, 16, 64]","[2, 1, 3]","[3, 3, 3]","[8, 4, 4]",64,"[96, 96, 48]",3
20,18,372.8670304060571,10.182708750417083,0.5984452182054519,0.143701,85218.935,36.9,55.74,"[16, 16, 64]","[2, 1, 3]","[3, 3, 3]","[8, 4, 4]",256,"[96, 96, 48]",3
20,19,221.83764921424458,10.182708750417083,0.7798560464382172,0.127061,85242.285,36.37,55.72,"[16, 16, 64]","[2, 1, 3]","[3, 3, 3]","[8, 4, 4]",128,"[96, 96, 48]",3
21,0,402.6090430759338,10.182708750417083,0.5803909641504288,0.118741,85776.765,36.73,55.74,"[16, 16, 64]","[2, 1, 3]","[3, 3, 3]","[8, 4, 4]",64,"[96, 96, 48]",3
21,1,341.88029980419776,10.182708750417083,0.629833020567894,0.118741,85776.765,36.73,55.74,"[16, 16, 64]","[2, 1, 3]","[3, 3, 3]","[8, 4, 4]",64,"[96, 96, 48]",3
21,2,358.4253285249638,10.182708750417083,0.6135254377126693,0.127061,85242.285,36.37,55.72,"[16, 16, 64]","[2, 1, 3]","[3, 3, 3]","[8, 4, 4]",128,"[96, 96, 48]",3
21,3,295.3388309581048,10.182708750417083,0.6776449978351593,0.118741,85776.765,36.73,55.74,"[16, 16, 64]","[2, 1, 3]","[3, 3, 3]","[8, 4, 4]",64,"[96, 96, 48]",3
21,4,339.1347130421997,10.182708750417083,0.6314514547586441,0.123415,93605.475,39.3,62.91,"[16, 16, 64]","[2, 3, 3]","[3, 3, 3]","[8, 4, 4]",64,"[96, 96, 48]",3
21,5,357.5403975592589,10.182708750417083,0.6142842233181,0.127061,85242.285,36.37,55.72,"[16, 16, 64]","[2, 1, 3]","[3, 3, 3]","[8, 4, 4]",128,"[96, 96, 48]",3
21,6,331.0255255065717,10.182708750417083,0.6400762796401978,0.118741,85776.765,36.73,55.74,"[16, 16, 64]","[2, 1, 3]","[3, 3, 3]","[8, 4, 4]",64,"[96, 96, 48]",3
21,7,72.64395419833608,2.5456771876042708,0.6382099235057831,0.363989,94051.575,42.38,58.25,"[16, 16, 128]","[2, 1, 3]","[3, 3, 3]","[8, 4, 4]",64,"[96, 96, 48]",3
21,8,335.17982517140746,10.182708750417083,0.634443581700325,0.127061,85242.285,36.37,55.72,"[16, 16, 64]","[2, 1, 3]","[3, 3, 3]","[8, 4, 4]",128,"[96, 96, 48]",3
21,9,314.6656177042082,10.182708750417083,0.6565047097206116,0.118741,85776.765,36.73,55.74,"[16, 16, 64]","[2, 1, 3]","[3, 3, 3]","[8, 4, 4]",64,"[96, 96, 48]",3
21,10,247.6237289717358,10.182708750417083,0.7381351888179779,0.127061,85242.285,36.37,55.72,"[16, 16, 64]","[2, 1, 3]","[3, 3, 3]","[8, 4, 4]",128,"[96, 96, 48]",3
21,11,348.43328234130087,10.182708750417083,0.622968755364418,0.123415,93605.475,39.3,62.91,"[16, 16, 64]","[2, 3, 3]","[3, 3, 3]","[8, 4, 4]",64,"[96, 96, 48]",3
21,12,321.8264835071384,10.182708750417083,0.6491597652435303,0.118741,85776.765,36.73,55.74,"[16, 16, 64]","[2, 1, 3]","[3, 3, 3]","[8, 4, 4]",64,"[96, 96, 48]",3
21,13,244.33181046603042,10.182708750417083,0.7439370501041412,0.123415,93605.475,39.3,62.91,"[16, 16, 64]","[2, 3, 3]","[3, 3, 3]","[8, 4, 4]",64,"[96, 96, 48]",3
21,14,337.43293409254943,10.182708750417083,0.6323218756914138,0.127061,85242.285,36.37,55.72,"[16, 16, 64]","[2, 1, 3]","[3, 3, 3]","[8, 4, 4]",128,"[96, 96, 48]",3
21,15,372.70454736578836,10.182708750417083,0.6032260495424271,0.118741,85776.765,36.73,55.74,"[16, 16, 64]","[2, 1, 3]","[3, 3, 3]","[8, 4, 4]",64,"[96, 96, 48]",3
21,16,315.0781302025208,10.182708750417083,0.65580451130867,0.120053,85258.805,36.37,55.61,"[16, 16, 64]","[2, 1, 3]","[3, 3, 3]","[8, 4, 4]",128,"[96, 48, 48]",3
21,17,344.3179125230797,10.182708750417083,0.6275995928049087,0.118741,85776.765,36.73,55.74,"[16, 16, 64]","[2, 1, 3]","[3, 3, 3]","[8, 4, 4]",64,"[96, 96, 48]",3
21,18,341.1870692752632,10.182708750417083,0.6304725503921509,0.118741,85776.765,36.73,55.74,"[16, 16, 64]","[2, 1, 3]","[3, 3, 3]","[8, 4, 4]",64,"[96, 96, 48]",3
21,19,315.3881734817728,10.182708750417083,0.6540474575757981,0.127061,85242.285,36.37,55.72,"[16, 16, 64]","[2, 1, 3]","[3, 3, 3]","[8, 4, 4]",128,"[96, 96, 48]",3
22,0,430.23110220764136,10.182708750417083,0.5614505070447922,0.118741,85776.765,36.73,55.74,"[16, 16, 64]","[2, 1, 3]","[3, 3, 3]","[8, 4, 4]",64,"[96, 96, 48]",3
22,1,337.09321267905983,10.182708750417083,0.6342894160747528,0.118741,85776.765,36.73,55.74,"[16, 16, 64]","[2, 1, 3]","[3, 3, 3]","[8, 4, 4]",64,"[96, 96, 48]",3
22,2,287.47762377156107,10.182708750417083,0.686847778558731,0.118741,85776.765,36.73,55.74,"[16, 16, 64]","[2, 1, 3]","[3, 3, 3]","[8, 4, 4]",64,"[96, 96, 48]",3
22,3,226.91262600381043,10.182708750417083,0.7730957055091858,0.118741,85776.765,36.73,55.74,"[16, 16, 64]","[2, 1, 3]","[3, 3, 3]","[8, 4, 4]",64,"[96, 96, 48]",3
22,4,359.95815036850524,10.182708750417083,0.6122177439928055,0.127061,85242.285,36.37,55.72,"[16, 16, 64]","[2, 1, 3]","[3, 3, 3]","[8, 4, 4]",128,"[96, 96, 48]",3
22,5,414.71426074233784,10.182708750417083,0.5718576157093048,0.118741,85776.765,36.73,55.74,"[16, 16, 64]","[2, 1, 3]","[3, 3, 3]","[8, 4, 4]",64,"[96, 96, 48]",3
22,6,339.55118259639664,10.182708750417083,0.6303464555740357,0.127061,85242.285,36.37,55.72,"[16, 16, 64]","[2, 1, 3]","[3, 3, 3]","[8, 4, 4]",128,"[96, 96, 48]",3
22,7,354.1501877517166,10.182708750417083,0.617217435836792,0.127061,85242.285,36.37,55.72,"[16, 16, 64]","[2, 1, 3]","[3, 3, 3]","[8, 4, 4]",128,"[96, 96, 48]",3
22,8,316.3641017923543,10.182708750417083,0.6547400259971619,0.118741,85776.765,36.73,55.74,"[16, 16, 64]","[2, 1, 3]","[3, 3, 3]","[8, 4, 4]",64,"[96, 96, 48]",3
22,9,270.97620970796635,10.182708750417083,0.7074519658088684,0.118741,85776.765,36.73,55.74,"[16, 16, 64]","[2, 1, 3]","[3, 3, 3]","[8, 4, 4]",64,"[96, 96, 48]",3
22,10,385.4501273148755,10.182708750417083,0.5916267430782318,0.127061,85242.285,36.37,55.72,"[16, 16, 64]","[2, 1, 3]","[3, 3, 3]","[8, 4, 4]",128,"[96, 96, 48]",3
22,11,407.99481723896093,10.182708750417083,0.5765474784374237,0.118741,85776.765,36.73,55.74,"[16, 16, 64]","[2, 1, 3]","[3, 3, 3]","[8, 4, 4]",64,"[96, 96, 48]",3
22,12,235.48947971131312,10.182708750417083,0.7588864982128143,0.118741,85776.765,36.73,55.74,"[16, 16, 64]","[2, 1, 3]","[3, 3, 3]","[8, 4, 4]",64,"[96, 96, 48]",3
22,13,388.0324825237269,10.182708750417083,0.5911917674541474,0.118741,85776.765,36.73,55.74,"[16, 16, 64]","[2, 1, 3]","[3, 3, 3]","[8, 4, 4]",64,"[96, 96, 48]",3
22,14,336.94168827747376,10.182708750417083,0.6335030633211136,0.123415,93605.475,39.3,62.91,"[16, 16, 64]","[2, 3, 3]","[3, 3, 3]","[8, 4, 4]",64,"[96, 96, 48]",3
22,15,340.87486322097374,10.182708750417083,0.6307612085342407,0.118741,85776.765,36.73,55.74,"[16, 16, 64]","[2, 1, 3]","[3, 3, 3]","[8, 4, 4]",64,"[96, 96, 48]",3
22,16,365.92425739501635,10.182708750417083,0.6087890607118607,0.118741,85776.765,36.73,55.74,"[16, 16, 64]","[2, 1, 3]","[3, 3, 3]","[8, 4, 4]",64,"[96, 96, 48]",3
22,17,381.0137077485511,10.182708750417083,0.5966121935844422,0.118741,85776.765,36.73,55.74,"[16, 16, 64]","[2, 1, 3]","[3, 3, 3]","[8, 4, 4]",64,"[96, 96, 48]",3
22,18,379.4612612200829,10.182708750417083,0.5978313755989074,0.118741,85776.765,36.73,55.74,"[16, 16, 64]","[2, 1, 3]","[3, 3, 3]","[8, 4, 4]",64,"[96, 96, 48]",3
22,19,366.8147090561753,10.182708750417083,0.6080496853590012,0.118741,85776.765,36.73,55.74,"[16, 16, 64]","[2, 1, 3]","[3, 3, 3]","[8, 4, 4]",64,"[96, 96, 48]",3
23,0,325.6805827469056,10.182708750417083,0.6453072541952133,0.118741,85776.765,36.73,55.74,"[16, 16, 64]","[2, 1, 3]","[3, 3, 3]","[8, 4, 4]",64,"[96, 96, 48]",3
23,1,374.358177868092,10.182708750417083,0.6018922752141953,0.118741,85776.765,36.73,55.74,"[16, 16, 64]","[2, 1, 3]","[3, 3, 3]","[8, 4, 4]",64,"[96, 96, 48]",3
23,2,419.8909593547736,10.182708750417083,0.580952405333519,0.051413,79870.14666666667,26.45,53.16,"[16, 16, 32]","[2, 1, 3]","[3, 3, 3]","[8, 4, 4]",64,"[96, 96, 48]",3
23,3,341.60717703265357,10.182708750417083,0.6300847536325455,0.118741,85776.765,36.73,55.74,"[16, 16, 64]","[2, 1, 3]","[3, 3, 3]","[8, 4, 4]",64,"[96, 96, 48]",3
23,4,293.77785472172167,10.182708750417083,0.6794429343938827,0.118741,85776.765,36.73,55.74,"[16, 16, 64]","[2, 1, 3]","[3, 3, 3]","[8, 4, 4]",64,"[96, 96, 48]",3
23,5,342.0022060551191,10.182708750417083,0.6297207587957382,0.118741,85776.765,36.73,55.74,"[16, 16, 64]","[2, 1, 3]","[3, 3, 3]","[8, 4, 4]",64,"[96, 96, 48]",3
23,6,364.2711886529808,10.182708750417083,0.6101688468456268,0.118741,85776.765,36.73,55.74,"[16, 16, 64]","[2, 1, 3]","[3, 3, 3]","[8, 4, 4]",64,"[96, 96, 48]",3
23,7,330.76082300114496,10.182708750417083,0.6403323501348496,0.118741,85776.765,36.73,55.74,"[16, 16, 64]","[2, 1, 3]","[3, 3, 3]","[8, 4, 4]",64,"[96, 96, 48]",3
23,8,424.9471661760863,10.182708750417083,0.5649303615093231,0.118741,85776.765,36.73,55.74,"[16, 16, 64]","[2, 1, 3]","[3, 3, 3]","[8, 4, 4]",64,"[96, 96, 48]",3
23,9,378.09884207112066,10.182708750417083,0.5989075040817261,0.118741,85776.765,36.73,55.74,"[16, 16, 64]","[2, 1, 3]","[3, 3, 3]","[8, 4, 4]",64,"[96, 96, 48]",3
23,10,379.7032728305379,10.182708750417083,0.5976408249139786,0.118741,85776.765,36.73,55.74,"[16, 16, 64]","[2, 1, 3]","[3, 3, 3]","[8, 4, 4]",64,"[96, 96, 48]",3
23,11,413.3614654399186,10.182708750417083,0.5727926033735276,0.118741,85776.765,36.73,55.74,"[16, 16, 64]","[2, 1, 3]","[3, 3, 3]","[8, 4, 4]",64,"[96, 96, 48]",3
23,12,369.82342342614305,10.182708750417083,0.6055712229013444,0.118741,85776.765,36.73,55.74,"[16, 16, 64]","[2, 1, 3]","[3, 3, 3]","[8, 4, 4]",64,"[96, 96, 48]",3
23,13,347.2305467702808,10.182708750417083,0.6249618345499038,0.118741,85776.765,36.73,55.74,"[16, 16, 64]","[2, 1, 3]","[3, 3, 3]","[8, 4, 4]",64,"[96, 96, 48]",3
23,14,366.1025865498498,10.182708750417083,0.6070584571361541,0.127061,85242.285,36.37,55.72,"[16, 16, 64]","[2, 1, 3]","[3, 3, 3]","[8, 4, 4]",128,"[96, 96, 48]",3
23,15,232.567173678424,10.182708750417083,0.7636394870281219,0.118741,85776.765,36.73,55.74,"[16, 16, 64]","[2, 1, 3]","[3, 3, 3]","[8, 4, 4]",64,"[96, 96, 48]",3
23,16,451.75786330071213,10.182708750417083,0.5600875616073608,0.051413,79870.14666666667,26.45,53.16,"[16, 16, 32]","[2, 1, 3]","[3, 3, 3]","[8, 4, 4]",64,"[96, 96, 48]",3
23,17,395.5104066431081,10.182708750417083,0.584053897857666,0.127061,85242.285,36.37,55.72,"[16, 16, 64]","[2, 1, 3]","[3, 3, 3]","[8, 4, 4]",128,"[96, 96, 48]",3
23,18,379.7761310889346,10.182708750417083,0.5975834947824478,0.118741,85776.765,36.73,55.74,"[16, 16, 64]","[2, 1, 3]","[3, 3, 3]","[8, 4, 4]",64,"[96, 96, 48]",3
23,19,382.6183271483328,10.182708750417083,0.5938120579719544,0.127061,85242.285,36.37,55.72,"[16, 16, 64]","[2, 1, 3]","[3, 3, 3]","[8, 4, 4]",128,"[96, 96, 48]",3
24,0,336.83719805669375,10.182708750417083,0.6486327475309372,0.051413,79870.14666666667,26.45,53.16,"[16, 16, 32]","[2, 1, 3]","[3, 3, 3]","[8, 4, 4]",64,"[96, 96, 48]",3
24,1,417.6688461501777,10.182708750417083,0.5698313647508622,0.118741,85776.765,36.73,55.74,"[16, 16, 64]","[2, 1, 3]","[3, 3, 3]","[8, 4, 4]",64,"[96, 96, 48]",3
24,2,326.1492188637636,10.182708750417083,0.6448434734344483,0.118741,85776.765,36.73,55.74,"[16, 16, 64]","[2, 1, 3]","[3, 3, 3]","[8, 4, 4]",64,"[96, 96, 48]",3
24,3,326.6993679590735,10.182708750417083,0.6443002980947494,0.118741,85776.765,36.73,55.74,"[16, 16, 64]","[2, 1, 3]","[3, 3, 3]","[8, 4, 4]",64,"[96, 96, 48]",3
24,4,370.70434381417004,10.182708750417083,0.6048512715101242,0.118741,85776.765,36.73,55.74,"[16, 16, 64]","[2, 1, 3]","[3, 3, 3]","[8, 4, 4]",64,"[96, 96, 48]",3
24,5,353.0559887943945,10.182708750417083,0.6181731444597244,0.127061,85242.285,36.37,55.72,"[16, 16, 64]","[2, 1, 3]","[3, 3, 3]","[8, 4, 4]",128,"[96, 96, 48]",3
24,6,408.7836120638238,10.182708750417083,0.5759909516572952,0.118741,85776.765,36.73,55.74,"[16, 16, 64]","[2, 1, 3]","[3, 3, 3]","[8, 4, 4]",64,"[96, 96, 48]",3
24,7,418.07538706878347,10.182708750417083,0.5680735427141189,0.127061,85242.285,36.37,55.72,"[16, 16, 64]","[2, 1, 3]","[3, 3, 3]","[8, 4, 4]",128,"[96, 96, 48]",3
24,8,394.28189276723646,10.182708750417083,0.5849630969762802,0.127061,85242.285,36.37,55.72,"[16, 16, 64]","[2, 1, 3]","[3, 3, 3]","[8, 4, 4]",128,"[96, 96, 48]",3
24,9,242.49313867443823,10.182708750417083,0.7644679248332977,0.051413,79870.14666666667,26.45,53.16,"[16, 16, 32]","[2, 1, 3]","[3, 3, 3]","[8, 4, 4]",64,"[96, 96, 48]",3
24,10,377.6637134591169,10.182708750417083,0.5992524236440658,0.118741,85776.765,36.73,55.74,"[16, 16, 64]","[2, 1, 3]","[3, 3, 3]","[8, 4, 4]",64,"[96, 96, 48]",3
24,11,424.46172130268474,10.182708750417083,0.5769906830787659,0.055637,80498.71,27.92,53.37,"[16, 16, 32]","[2, 1, 3]","[3, 3, 3]","[8, 4, 4]",128,"[96, 96, 48]",3
24,12,345.25126482314846,10.182708750417083,0.6267506909370423,0.118741,85776.765,36.73,55.74,"[16, 16, 64]","[2, 1, 3]","[3, 3, 3]","[8, 4, 4]",64,"[96, 96, 48]",3
24,13,409.7691828696457,10.182708750417083,0.5752978509664536,0.118741,85776.765,36.73,55.74,"[16, 16, 64]","[2, 1, 3]","[3, 3, 3]","[8, 4, 4]",64,"[96, 96, 48]",3
24,14,283.3562289913359,10.182708750417083,0.6918248277902603,0.118741,85776.765,36.73,55.74,"[16, 16, 64]","[2, 1, 3]","[3, 3, 3]","[8, 4, 4]",64,"[96, 96, 48]",3
24,15,288.815180247243,10.182708750417083,0.6834739780426026,0.127061,106433.365,43.01,58.45,"[16, 16, 64]","[2, 1, 3]","[3, 3, 3]","[8, 4, 8]",128,"[96, 96, 48]",3
24,16,352.7466375829316,10.182708750417083,0.6338367807865143,0.051413,79870.14666666667,26.45,53.16,"[16, 16, 32]","[2, 1, 3]","[3, 3, 3]","[8, 4, 4]",64,"[96, 96, 48]",3
24,17,344.63835516284723,10.182708750417083,0.6273077553510666,0.118741,85776.765,36.73,55.74,"[16, 16, 64]","[2, 1, 3]","[3, 3, 3]","[8, 4, 4]",64,"[96, 96, 48]",3
24,18,345.7339273285984,10.182708750417083,0.626313049197197,0.118741,85776.765,36.73,55.74,"[16, 16, 64]","[2, 1, 3]","[3, 3, 3]","[8, 4, 4]",64,"[96, 96, 48]",3
24,19,368.9838556166247,10.182708750417083,0.6046836519241333,0.127061,85242.285,36.37,55.72,"[16, 16, 64]","[2, 1, 3]","[3, 3, 3]","[8, 4, 4]",128,"[96, 96, 48]",3
25,0,278.6337725212478,10.182708750417083,0.7121497583389282,0.055637,80498.71,27.92,53.37,"[16, 16, 32]","[2, 1, 3]","[3, 3, 3]","[8, 4, 4]",128,"[96, 96, 48]",3
25,1,448.813484664799,10.182708750417083,0.5482755601406097,0.127061,85242.285,36.37,55.72,"[16, 16, 64]","[2, 1, 3]","[3, 3, 3]","[8, 4, 4]",128,"[96, 96, 48]",3
25,2,378.4365892987743,10.182708750417083,0.5986401873826981,0.118741,85776.765,36.73,55.74,"[16, 16, 64]","[2, 1, 3]","[3, 3, 3]","[8, 4, 4]",64,"[96, 96, 48]",3
25,3,303.58380040808873,10.182708750417083,0.6683796322345734,0.118741,85776.765,36.73,55.74,"[16, 16, 64]","[2, 1, 3]","[3, 3, 3]","[8, 4, 4]",64,"[96, 96, 48]",3
25,4,372.72971446118464,10.182708750417083,0.615731121301651,0.055637,80498.71,27.92,53.37,"[16, 16, 32]","[2, 1, 3]","[3, 3, 3]","[8, 4, 4]",128,"[96, 96, 48]",3
25,5,289.0996199767426,6.788472500278055,0.5592332524061203,0.118741,84476.16,41.32,43.78,"[16, 16, 64]","[2, 1, 3]","[3, 3, 3]","[8, 4, 4]",64,"[96, 96, 48]",2
25,6,0,27.15389000111222,999,0.127061,158839.5483333333,46.6,142.92,"[16, 16, 64]","[2, 1, 3]","[3, 3, 3]","[8, 4, 4]",128,"[96, 96, 48]",4
25,7,354.1618544133908,10.182708750417083,0.6172072696685791,0.127061,85242.285,36.37,55.72,"[16, 16, 64]","[2, 1, 3]","[3, 3, 3]","[8, 4, 4]",128,"[96, 96, 48]",3
25,8,374.9086675064445,10.182708750417083,0.6139392095804215,0.055637,80498.71,27.92,53.37,"[16, 16, 32]","[2, 1, 3]","[3, 3, 3]","[8, 4, 4]",128,"[96, 96, 48]",3
25,9,316.0811010128887,10.182708750417083,0.6533301466703415,0.127061,85242.285,36.37,55.72,"[16, 16, 64]","[2, 1, 3]","[3, 3, 3]","[8, 4, 4]",128,"[96, 96, 48]",3
25,10,0,27.15389000111222,999,0.118741,160230.255,46.93,144.6,"[16, 16, 64]","[2, 1, 3]","[3, 3, 3]","[8, 4, 4]",64,"[96, 96, 48]",4
25,11,385.72338971065403,10.182708750417083,0.591417139172554,0.127061,85242.285,36.37,55.72,"[16, 16, 64]","[2, 1, 3]","[3, 3, 3]","[8, 4, 4]",128,"[96, 96, 48]",3
25,12,365.4094755265153,10.182708750417083,0.6076339215040207,0.127061,85242.285,36.37,55.72,"[16, 16, 64]","[2, 1, 3]","[3, 3, 3]","[8, 4, 4]",128,"[96, 96, 48]",3
25,13,357.6353004240012,10.182708750417083,0.612620376944542,0.135381,85527.565,37.0,56.63,"[16, 16, 64]","[2, 1, 3]","[3, 3, 3]","[8, 4, 4]",192,"[96, 96, 48]",3
25,14,386.8344663738856,10.182708750417083,0.5921065139770508,0.118741,85776.765,36.73,55.74,"[16, 16, 64]","[2, 1, 3]","[3, 3, 3]","[8, 4, 4]",64,"[96, 96, 48]",3
25,15,341.3616373651517,10.182708750417083,0.6303113216161728,0.118741,85776.765,36.73,55.74,"[16, 16, 64]","[2, 1, 3]","[3, 3, 3]","[8, 4, 4]",64,"[96, 96, 48]",3
25,16,0,27.15389000111222,999,0.118741,160230.255,46.93,144.6,"[16, 16, 64]","[2, 1, 3]","[3, 3, 3]","[8, 4, 4]",64,"[96, 96, 48]",4
25,17,289.04837655800793,10.182708750417083,0.6992024320363999,0.055637,80498.71,27.92,53.37,"[16, 16, 32]","[2, 1, 3]","[3, 3, 3]","[8, 4, 4]",128,"[96, 96, 48]",3
25,18,346.592571681467,10.182708750417083,0.6239105170965195,0.127061,85242.285,36.37,55.72,"[16, 16, 64]","[2, 1, 3]","[3, 3, 3]","[8, 4, 4]",128,"[96, 96, 48]",3
25,19,295.1936384545156,10.182708750417083,0.6778116291761398,0.118741,85776.765,36.73,55.74,"[16, 16, 64]","[2, 1, 3]","[3, 3, 3]","[8, 4, 4]",64,"[96, 96, 48]",3
26,0,453.19303811970394,10.182708750417083,0.5456199193000794,0.127061,85242.285,36.37,55.72,"[16, 16, 64]","[2, 1, 3]","[3, 3, 3]","[8, 4, 4]",128,"[96, 96, 48]",3
26,1,319.0557218121474,10.182708750417083,0.65197241127491,0.118741,85776.765,36.73,55.74,"[16, 16, 64]","[2, 1, 3]","[3, 3, 3]","[8, 4, 4]",64,"[96, 96, 48]",3
26,2,437.1451178540441,10.182708750417083,0.5693718409538269,0.051413,79870.14666666667,26.45,53.16,"[16, 16, 32]","[2, 1, 3]","[3, 3, 3]","[8, 4, 4]",64,"[96, 96, 48]",3
26,3,350.1433693435951,10.182708750417083,0.6191397422552108,0.135381,85527.565,37.0,56.63,"[16, 16, 64]","[2, 1, 3]","[3, 3, 3]","[8, 4, 4]",192,"[96, 96, 48]",3
26,4,376.0176951228836,10.182708750417083,0.5990012949705124,0.127061,85242.285,36.37,55.72,"[16, 16, 64]","[2, 1, 3]","[3, 3, 3]","[8, 4, 4]",128,"[96, 96, 48]",3
26,5,351.5019953585194,10.182708750417083,0.6288333803415298,0.080469,83138.33,32.44,56.81,"[16, 16, 48]","[2, 1, 3]","[3, 3, 3]","[8, 4, 4]",64,"[96, 96, 48]",3
26,6,338.593853666236,10.182708750417083,0.631236938238144,0.127061,85242.285,36.37,55.72,"[16, 16, 64]","[2, 1, 3]","[3, 3, 3]","[8, 4, 4]",128,"[96, 96, 48]",3
26,7,294.0513771143202,10.182708750417083,0.6938294386863708,0.053075,76278.11,25.72,47.97,"[16, 16, 64]","[2, 1, 1]","[3, 3, 3]","[8, 4, 4]",128,"[96, 96, 48]",3
26,8,124.83369004081821,10.182708750417083,1.039563822746277,0.127173,85463.805,36.41,55.98,"[16, 16, 64]","[2, 1, 3]","[3, 3, 3]","[8, 4, 4]",192,"[96, 48, 32]",3
26,9,364.99623254473215,10.182708750417083,0.6095625120401382,0.118741,85776.765,36.73,55.74,"[16, 16, 64]","[2, 1, 3]","[3, 3, 3]","[8, 4, 4]",64,"[96, 96, 48]",3
26,10,335.2132463756077,10.182708750417083,0.6327775526046753,0.135381,85527.565,37.0,56.63,"[16, 16, 64]","[2, 1, 3]","[3, 3, 3]","[8, 4, 4]",192,"[96, 96, 48]",3
26,11,371.34354349132036,10.182708750417083,0.6087229293584824,0.095989,86758.045,35.71,58.2,"[16, 32, 48]","[2, 1, 3]","[3, 3, 3]","[8, 4, 4]",128,"[96, 96, 48]",3
26,12,273.6124201715452,10.182708750417083,0.7040356206893921,0.118741,85776.765,36.73,55.74,"[16, 16, 64]","[2, 1, 3]","[3, 3, 3]","[8, 4, 4]",64,"[96, 96, 48]",3
26,13,294.40095364053377,10.182708750417083,0.6752150088548661,0.135381,85527.565,37.0,56.63,"[16, 16, 64]","[2, 1, 3]","[3, 3, 3]","[8, 4, 4]",192,"[96, 96, 48]",3
26,14,379.03734400866364,10.182708750417083,0.5950734949111939,0.135381,85527.565,37.0,56.63,"[16, 16, 64]","[2, 1, 3]","[3, 3, 3]","[8, 4, 4]",192,"[96, 96, 48]",3
26,15,300.94883925671377,10.182708750417083,0.6695540523529053,0.127061,85242.285,36.37,55.72,"[16, 16, 64]","[2, 1, 3]","[3, 3, 3]","[8, 4, 4]",128,"[96, 96, 48]",3
26,16,394.86503620574575,10.182708750417083,0.5845309948921203,0.127061,85242.285,36.37,55.72,"[16, 16, 64]","[2, 1, 3]","[3, 3, 3]","[8, 4, 4]",128,"[96, 96, 48]",3
26,17,345.49378319414257,10.182708750417083,0.6395404541492462,0.055637,80498.71,27.92,53.37,"[16, 16, 32]","[2, 1, 3]","[3, 3, 3]","[8, 4, 4]",128,"[96, 96, 48]",3
26,18,180.50343745182224,6.788472500278055,0.6770632922649383,0.271413,95440.925,44.15,60.02,"[16, 64, 96]","[2, 1, 3]","[3, 3, 3]","[8, 4, 4]",64,"[96, 96, 48]",3
26,19,299.0790763020281,10.182708750417083,0.6716437315940857,0.127061,85242.285,36.37,55.72,"[16, 16, 64]","[2, 1, 3]","[3, 3, 3]","[8, 4, 4]",128,"[96, 96, 48]",3
27,0,319.5608585965103,10.182708750417083,0.6497632879018783,0.127061,85242.285,36.37,55.72,"[16, 16, 64]","[2, 1, 3]","[3, 3, 3]","[8, 4, 4]",128,"[96, 96, 48]",3
27,1,371.4114450328086,10.182708750417083,0.617705146074295,0.051413,79870.14666666667,26.45,53.16,"[16, 16, 32]","[2, 1, 3]","[3, 3, 3]","[8, 4, 4]",64,"[96, 96, 48]",3
27,2,419.28713650438146,10.182708750417083,0.5740278321504593,0.089717,87140.565,35.45,58.05,"[16, 32, 48]","[2, 1, 3]","[3, 3, 3]","[8, 4, 4]",64,"[96, 96, 48]",3
27,3,342.43887483029465,10.182708750417083,0.6433056384325028,0.051413,79870.14666666667,26.45,53.16,"[16, 16, 32]","[2, 1, 3]","[3, 3, 3]","[8, 4, 4]",64,"[96, 96, 48]",3
27,4,344.99168282909505,10.182708750417083,0.6253564316034317,0.127061,85242.285,36.37,55.72,"[16, 16, 64]","[2, 1, 3]","[3, 3, 3]","[8, 4, 4]",128,"[96, 96, 48]",3
27,5,341.79704780135097,10.182708750417083,0.6282721126079559,0.127061,106433.365,43.01,58.45,"[16, 16, 64]","[2, 1, 3]","[3, 3, 3]","[8, 4, 8]",128,"[96, 96, 48]",3
27,6,378.95294962398845,10.182708750417083,0.5966769403219223,0.127061,85242.285,36.37,55.72,"[16, 16, 64]","[2, 1, 3]","[3, 3, 3]","[8, 4, 4]",128,"[96, 96, 48]",3
27,7,370.3904498863793,10.182708750417083,0.6035343849658966,0.127061,85242.285,36.37,55.72,"[16, 16, 64]","[2, 1, 3]","[3, 3, 3]","[8, 4, 4]",128,"[96, 96, 48]",3
27,8,314.86027573186396,10.182708750417083,0.6545955199003219,0.127061,85242.285,36.37,55.72,"[16, 16, 64]","[2, 1, 3]","[3, 3, 3]","[8, 4, 4]",128,"[96, 96, 48]",3
27,9,250.2940498161801,10.182708750417083,0.7304260635375976,0.143701,85218.935,36.9,55.74,"[16, 16, 64]","[2, 1, 3]","[3, 3, 3]","[8, 4, 4]",256,"[96, 96, 48]",3
27,10,407.16915663769714,10.182708750417083,0.57713174700737,0.118741,85776.765,36.73,55.74,"[16, 16, 64]","[2, 1, 3]","[3, 3, 3]","[8, 4, 4]",64,"[96, 96, 48]",3
27,11,404.0031399637641,10.182708750417083,0.5865527355670929,0.080469,83138.33,32.44,56.81,"[16, 16, 48]","[2, 1, 3]","[3, 3, 3]","[8, 4, 4]",64,"[96, 96, 48]",3
27,12,396.4974502036836,10.182708750417083,0.5833264696598053,0.127061,85242.285,36.37,55.72,"[16, 16, 64]","[2, 1, 3]","[3, 3, 3]","[8, 4, 4]",128,"[96, 96, 48]",3
27,13,316.0195258454947,10.182708750417083,0.655096881389618,0.118741,85776.765,36.73,55.74,"[16, 16, 64]","[2, 1, 3]","[3, 3, 3]","[8, 4, 4]",64,"[96, 96, 48]",3
27,14,428.52661874485824,10.182708750417083,0.574247562289238,0.055637,80498.71,27.92,53.37,"[16, 16, 32]","[2, 1, 3]","[3, 3, 3]","[8, 4, 4]",128,"[96, 96, 48]",3
27,15,329.1888067903613,10.182708750417083,0.6484650325775146,0.086741,83315.41,32.17,57.07,"[16, 16, 48]","[2, 1, 3]","[3, 3, 3]","[8, 4, 4]",128,"[96, 96, 48]",3
27,16,373.9393450423165,10.182708750417083,0.6022292578220367,0.118741,85776.765,36.73,55.74,"[16, 16, 64]","[2, 1, 3]","[3, 3, 3]","[8, 4, 4]",64,"[96, 96, 48]",3
27,17,441.5398406540257,10.182708750417083,0.565276552438736,0.057974,84671.84,29.12,57.43,"[16, 16, 32]","[2, 2, 3]","[3, 3, 3]","[8, 4, 4]",128,"[96, 96, 48]",3
27,18,423.2339709990524,10.182708750417083,0.5701869744062423,0.095989,86758.045,35.71,58.2,"[16, 32, 48]","[2, 1, 3]","[3, 3, 3]","[8, 4, 4]",128,"[96, 96, 48]",3
27,19,264.42911254054087,10.182708750417083,0.725011578798294,0.080469,83138.33,32.44,56.81,"[16, 16, 48]","[2, 1, 3]","[3, 3, 3]","[8, 4, 4]",64,"[96, 96, 48]",3
28,0,163.17165880618555,10.182708750417083,0.929873468875885,0.057974,84671.84,29.12,57.43,"[16, 16, 32]","[2, 2, 3]","[3, 3, 3]","[8, 4, 4]",128,"[96, 96, 48]",3
28,1,362.0549738311853,10.182708750417083,0.6247422313690185,0.055637,80498.71,27.92,53.37,"[16, 16, 32]","[2, 1, 3]","[3, 3, 3]","[8, 4, 4]",128,"[96, 96, 48]",3
28,2,368.2477125071962,10.182708750417083,0.620352925658226,0.051413,79870.14666666667,26.45,53.16,"[16, 16, 32]","[2, 1, 3]","[3, 3, 3]","[8, 4, 4]",64,"[96, 96, 48]",3
28,3,403.88998405245155,10.182708750417083,0.5794698739051819,0.118741,85776.765,36.73,55.74,"[16, 16, 64]","[2, 1, 3]","[3, 3, 3]","[8, 4, 4]",64,"[96, 96, 48]",3
28,4,414.1897342687495,10.182708750417083,0.5707319712638855,0.127061,85242.285,36.37,55.72,"[16, 16, 64]","[2, 1, 3]","[3, 3, 3]","[8, 4, 4]",128,"[96, 96, 48]",3
28,5,384.9720212735904,10.182708750417083,0.593537055850029,0.118741,85776.765,36.73,55.74,"[16, 16, 64]","[2, 1, 3]","[3, 3, 3]","[8, 4, 4]",64,"[96, 96, 48]",3
28,6,0,27.15389000111222,999,0.086741,146630.33,42.63,133.56,"[16, 16, 48]","[2, 1, 3]","[3, 3, 3]","[8, 4, 4]",128,"[96, 96, 48]",4
28,7,430.67468796919616,10.182708750417083,0.5611612910032272,0.118741,85776.765,36.73,55.74,"[16, 16, 64]","[2, 1, 3]","[3, 3, 3]","[8, 4, 4]",64,"[96, 96, 48]",3
28,8,410.87218808325593,10.182708750417083,0.5730315017700195,0.127061,85242.285,36.37,55.72,"[16, 16, 64]","[2, 1, 3]","[3, 3, 3]","[8, 4, 4]",128,"[96, 96, 48]",3
28,9,351.32141943604825,10.182708750417083,0.63512113571167,0.051413,79870.14666666667,26.45,53.16,"[16, 16, 32]","[2, 1, 3]","[3, 3, 3]","[8, 4, 4]",64,"[96, 96, 48]",3
28,10,0,27.15389000111222,999,0.127061,158839.5483333333,46.6,142.92,"[16, 16, 64]","[2, 1, 3]","[3, 3, 3]","[8, 4, 4]",128,"[96, 96, 48]",4
28,11,375.99083356873274,10.182708750417083,0.595954030752182,0.143701,85218.935,36.9,55.74,"[16, 16, 64]","[2, 1, 3]","[3, 3, 3]","[8, 4, 4]",256,"[96, 96, 48]",3
28,12,366.6474760189751,10.182708750417083,0.6144473922252655,0.086741,83315.41,32.17,57.07,"[16, 16, 48]","[2, 1, 3]","[3, 3, 3]","[8, 4, 4]",128,"[96, 96, 48]",3
28,13,295.899046201501,10.182708750417083,0.6853742110729217,0.080469,83138.33,32.44,56.81,"[16, 16, 48]","[2, 1, 3]","[3, 3, 3]","[8, 4, 4]",64,"[96, 96, 48]",3
28,14,317.6236418247613,10.182708750417083,0.667963148355484,0.051413,79870.14666666667,26.45,53.16,"[16, 16, 32]","[2, 1, 3]","[3, 3, 3]","[8, 4, 4]",64,"[96, 96, 48]",3
28,15,372.12475852108406,9.7754004004004,0.5980101722478867,0.084565,89544.24,33.27,58.3,"[16, 16, 48]","[2, 1, 3]","[3, 5, 3]","[8, 4, 4]",64,"[96, 96, 48]",3
28,16,345.9577507252052,10.182708750417083,0.630661169886589,0.095989,86758.045,35.71,58.2,"[16, 32, 48]","[2, 1, 3]","[3, 3, 3]","[8, 4, 4]",128,"[96, 96, 48]",3
28,17,342.4002920131609,10.182708750417083,0.6339289200305939,0.095989,86758.045,35.71,58.2,"[16, 32, 48]","[2, 1, 3]","[3, 3, 3]","[8, 4, 4]",128,"[96, 96, 48]",3
28,18,368.4698660582738,10.182708750417083,0.6192801064252853,0.055637,80498.71,27.92,53.37,"[16, 16, 32]","[2, 1, 3]","[3, 3, 3]","[8, 4, 4]",128,"[96, 96, 48]",3
28,19,373.5486126272325,10.182708750417083,0.6150558429956436,0.055637,80498.71,27.92,53.37,"[16, 16, 32]","[2, 1, 3]","[3, 3, 3]","[8, 4, 4]",128,"[96, 96, 48]",3
29,0,395.07966995592767,10.182708750417083,0.5858953768014907,0.118741,85776.765,36.73,55.74,"[16, 16, 64]","[2, 1, 3]","[3, 3, 3]","[8, 4, 4]",64,"[96, 96, 48]",3
29,1,419.2929275093866,10.182708750417083,0.5672481572628021,0.127061,85242.285,36.37,55.72,"[16, 16, 64]","[2, 1, 3]","[3, 3, 3]","[8, 4, 4]",128,"[96, 96, 48]",3
29,2,337.24826434418503,10.182708750417083,0.6482373225688934,0.051413,79870.14666666667,26.45,53.16,"[16, 16, 32]","[2, 1, 3]","[3, 3, 3]","[8, 4, 4]",64,"[96, 96, 48]",3
29,3,314.41554382300643,10.182708750417083,0.669349325299263,0.060311,86115.96,32.14,59.93,"[16, 16, 32]","[2, 3, 3]","[3, 3, 3]","[8, 4, 4]",128,"[96, 96, 48]",3
29,4,236.52651974957445,6.788472500278055,0.5914690083265305,0.271413,95440.925,44.15,60.02,"[16, 64, 96]","[2, 1, 3]","[3, 3, 3]","[8, 4, 4]",64,"[96, 96, 48]",3
29,5,360.1412139943416,10.182708750417083,0.6246249240636825,0.064085,81795.16,30.42,54.16,"[16, 16, 32]","[2, 1, 3]","[3, 3, 3]","[8, 4, 4]",256,"[96, 96, 48]",3
29,6,414.60300158025586,10.182708750417083,0.5719343400001526,0.118741,85776.765,36.73,55.74,"[16, 16, 64]","[2, 1, 3]","[3, 3, 3]","[8, 4, 4]",64,"[96, 96, 48]",3
29,7,333.9917668861689,10.182708750417083,0.6513898938894271,0.051413,79870.14666666667,26.45,53.16,"[16, 16, 32]","[2, 1, 3]","[3, 3, 3]","[8, 4, 4]",64,"[96, 96, 48]",3
29,8,410.52542268010524,10.182708750417083,0.5800550627708435,0.090068,80936.09,34.02,53.1,"[16, 16, 64]","[2, 1, 2]","[3, 3, 3]","[8, 4, 4]",128,"[96, 96, 48]",3
29,9,303.40443963398627,10.182708750417083,0.6685771632194519,0.118741,76040.39,36.13,54.95,"[16, 16, 64]","[2, 1, 3]","[3, 3, 3]","[4, 4, 4]",64,"[96, 96, 48]",3
29,10,443.07099764644045,10.182708750417083,0.5532554578781128,0.118741,85776.765,36.73,55.74,"[16, 16, 64]","[2, 1, 3]","[3, 3, 3]","[8, 4, 4]",64,"[96, 96, 48]",3
29,11,240.23473605925048,10.182708750417083,0.7681695938110351,0.050965,78978.87,26.59,50.58,"[16, 16, 32]","[2, 1, 3]","[3, 3, 3]","[8, 4, 4]",128,"[96, 64, 48]",3
29,12,366.62439436375655,10.182708750417083,0.6066262966394425,0.127061,85242.285,36.37,55.72,"[16, 16, 64]","[2, 1, 3]","[3, 3, 3]","[8, 4, 4]",128,"[96, 96, 48]",3
29,13,223.0918170985997,10.182708750417083,0.7877118706703186,0.086741,83315.41,32.17,57.07,"[16, 16, 48]","[2, 1, 3]","[3, 3, 3]","[8, 4, 4]",128,"[96, 96, 48]",3
29,14,467.9722365536432,10.182708750417083,0.5502990084886551,0.051413,79870.14666666667,26.45,53.16,"[16, 16, 32]","[2, 1, 3]","[3, 3, 3]","[8, 4, 4]",64,"[96, 96, 48]",3
29,15,312.95812837967947,9.7754004004004,0.6574786031246185,0.059733,83710.42,29.05,53.27,"[16, 16, 32]","[2, 1, 3]","[3, 5, 3]","[8, 4, 4]",128,"[96, 96, 48]",3
29,16,388.8399890052568,10.182708750417083,0.590577581524849,0.118741,85776.765,36.73,55.74,"[16, 16, 64]","[2, 1, 3]","[3, 3, 3]","[8, 4, 4]",64,"[96, 96, 48]",3
29,17,363.8474586817541,10.182708750417083,0.6180730390548707,0.080469,83138.33,32.44,56.81,"[16, 16, 48]","[2, 1, 3]","[3, 3, 3]","[8, 4, 4]",64,"[96, 96, 48]",3
29,18,397.89553985653515,10.182708750417083,0.5838185286521912,0.118741,85776.765,36.73,55.74,"[16, 16, 64]","[2, 1, 3]","[3, 3, 3]","[8, 4, 4]",64,"[96, 96, 48]",3
29,19,410.57078628518616,10.182708750417083,0.5747359663248062,0.118741,85776.765,36.73,55.74,"[16, 16, 64]","[2, 1, 3]","[3, 3, 3]","[8, 4, 4]",64,"[96, 96, 48]",3
30,0,380.2846210985727,10.182708750417083,0.6104561465978623,0.051413,79870.14666666667,26.45,53.16,"[16, 16, 32]","[2, 1, 3]","[3, 3, 3]","[8, 4, 4]",64,"[96, 96, 48]",3
30,1,379.01859464512455,10.182708750417083,0.5981803864240647,0.118741,85776.765,36.73,55.74,"[16, 16, 64]","[2, 1, 3]","[3, 3, 3]","[8, 4, 4]",64,"[96, 96, 48]",3
30,2,385.3479824826563,10.182708750417083,0.5932474452257156,0.118741,85776.765,36.73,55.74,"[16, 16, 64]","[2, 1, 3]","[3, 3, 3]","[8, 4, 4]",64,"[96, 96, 48]",3
30,3,417.7953306166984,10.182708750417083,0.5653528159856797,0.143701,85218.935,36.9,55.74,"[16, 16, 64]","[2, 1, 3]","[3, 3, 3]","[8, 4, 4]",256,"[96, 96, 48]",3
30,4,309.0497900539545,10.182708750417083,0.6685364991426468,0.090068,80936.09,34.02,53.1,"[16, 16, 64]","[2, 1, 2]","[3, 3, 3]","[8, 4, 4]",128,"[96, 96, 48]",3
30,5,335.4812594465272,10.182708750417083,0.6358114403486251,0.118741,85776.765,36.73,55.74,"[16, 16, 64]","[2, 1, 3]","[3, 3, 3]","[8, 4, 4]",64,"[96, 96, 48]",3
30,6,410.8554116227543,10.182708750417083,0.5730432009696961,0.127061,85242.285,36.37,55.72,"[16, 16, 64]","[2, 1, 3]","[3, 3, 3]","[8, 4, 4]",128,"[96, 96, 48]",3
30,7,378.4422857695551,10.182708750417083,0.5986356818675995,0.118741,85776.765,36.73,55.74,"[16, 16, 64]","[2, 1, 3]","[3, 3, 3]","[8, 4, 4]",64,"[96, 96, 48]",3
30,8,464.951130630352,10.182708750417083,0.5397471392154694,0.120709,84754.35,36.76,55.0,"[16, 16, 64]","[2, 1, 3]","[3, 3, 3]","[8, 4, 4]",64,"[96, 96, 64]",3
30,9,353.45431995428277,10.182708750417083,0.6194350922107696,0.118741,85776.765,36.73,55.74,"[16, 16, 64]","[2, 1, 3]","[3, 3, 3]","[8, 4, 4]",64,"[96, 96, 48]",3
30,10,333.3667516641108,10.182708750417083,0.6378246963024139,0.118741,85776.765,36.73,55.74,"[16, 16, 64]","[2, 1, 3]","[3, 3, 3]","[8, 4, 4]",64,"[96, 96, 48]",3
30,11,321.31812637783133,10.182708750417083,0.6479840928316116,0.127061,85242.285,36.37,55.72,"[16, 16, 64]","[2, 1, 3]","[3, 3, 3]","[8, 4, 4]",128,"[96, 96, 48]",3
30,12,367.20708397498515,10.182708750417083,0.6077247357368469,0.118741,85776.765,36.73,55.74,"[16, 16, 64]","[2, 1, 3]","[3, 3, 3]","[8, 4, 4]",64,"[96, 96, 48]",3
30,13,351.9246178788768,10.182708750417083,0.6191660034656524,0.127061,85242.285,36.37,55.72,"[16, 16, 64]","[2, 1, 3]","[3, 3, 3]","[8, 4, 4]",128,"[96, 96, 48]",3
30,14,340.7269226214788,10.182708750417083,0.6308981293439865,0.118741,85776.765,36.73,55.74,"[16, 16, 64]","[2, 1, 3]","[3, 3, 3]","[8, 4, 4]",64,"[96, 96, 48]",3
30,15,306.5684411371842,10.182708750417083,0.6648440951108933,0.120053,85258.805,36.37,55.61,"[16, 16, 64]","[2, 1, 3]","[3, 3, 3]","[8, 4, 4]",128,"[96, 48, 48]",3
30,16,0,27.15389000111222,999,0.051413,148048.92,38.05,135.4,"[16, 16, 32]","[2, 1, 3]","[3, 3, 3]","[8, 4, 4]",64,"[96, 96, 48]",4
30,17,464.04267161523853,10.182708750417083,0.5402752149105072,0.120709,84754.35,36.76,55.0,"[16, 16, 64]","[2, 1, 3]","[3, 3, 3]","[8, 4, 4]",64,"[96, 96, 64]",3
30,18,380.9772449371151,10.182708750417083,0.590875746011734,0.150165,89187.32,39.76,57.17,"[16, 48, 64]","[2, 1, 3]","[3, 3, 3]","[8, 4, 4]",128,"[96, 96, 48]",3
30,19,410.3917573580412,10.182708750417083,0.5733668178319931,0.127061,85242.285,36.37,55.72,"[16, 16, 64]","[2, 1, 3]","[3, 3, 3]","[8, 4, 4]",128,"[96, 96, 48]",3
31,0,447.7462636739635,10.182708750417083,0.5500194317102433,0.120709,84754.35,36.76,55.0,"[16, 16, 64]","[2, 1, 3]","[3, 3, 3]","[8, 4, 4]",64,"[96, 96, 64]",3
31,1,488.70566306098203,10.182708750417083,0.5264659613370896,0.120709,84754.35,36.76,55.0,"[16, 16, 64]","[2, 1, 3]","[3, 3, 3]","[8, 4, 4]",64,"[96, 96, 64]",3
31,2,261.51033528718887,10.182708750417083,0.7182697796821594,0.127061,85242.285,36.37,55.72,"[16, 16, 64]","[2, 1, 3]","[3, 3, 3]","[8, 4, 4]",128,"[96, 96, 48]",3
31,3,351.59702338594633,10.182708750417083,0.6210690099000931,0.118741,85776.765,36.73,55.74,"[16, 16, 64]","[2, 1, 3]","[3, 3, 3]","[8, 4, 4]",64,"[96, 96, 48]",3
31,4,381.07558566151204,10.182708750417083,0.5965637534856796,0.118741,85776.765,36.73,55.74,"[16, 16, 64]","[2, 1, 3]","[3, 3, 3]","[8, 4, 4]",64,"[96, 96, 48]",3
31,5,417.3122862992866,10.182708750417083,0.5700747507810593,0.118741,85776.765,36.73,55.74,"[16, 16, 64]","[2, 1, 3]","[3, 3, 3]","[8, 4, 4]",64,"[96, 96, 48]",3
31,6,309.94212744125934,10.182708750417083,0.6614883381128311,0.118741,85776.765,36.73,55.74,"[16, 16, 64]","[2, 1, 3]","[3, 3, 3]","[8, 4, 4]",64,"[96, 96, 48]",3
31,7,320.1638962446661,10.182708750417083,0.6491510748863221,0.127061,85242.285,36.37,55.72,"[16, 16, 64]","[2, 1, 3]","[3, 3, 3]","[8, 4, 4]",128,"[96, 96, 48]",3
31,8,299.5246926747579,10.182708750417083,0.6711439275741578,0.127061,85242.285,36.37,55.72,"[16, 16, 64]","[2, 1, 3]","[3, 3, 3]","[8, 4, 4]",128,"[96, 96, 48]",3
31,9,357.5479759017045,10.182708750417083,0.6142777132987977,0.127061,85242.285,36.37,55.72,"[16, 16, 64]","[2, 1, 3]","[3, 3, 3]","[8, 4, 4]",128,"[96, 96, 48]",3
31,10,482.7523727488347,10.182708750417083,0.5283280724287033,0.129029,84219.87,36.45,55.08,"[16, 16, 64]","[2, 1, 3]","[3, 3, 3]","[8, 4, 4]",128,"[96, 96, 64]",3
31,11,311.900244721521,10.182708750417083,0.6543251258134842,0.143701,85218.935,36.9,55.74,"[16, 16, 64]","[2, 1, 3]","[3, 3, 3]","[8, 4, 4]",256,"[96, 96, 48]",3
31,12,369.9997008874487,10.182708750417083,0.6038529914617539,0.127061,85242.285,36.37,55.72,"[16, 16, 64]","[2, 1, 3]","[3, 3, 3]","[8, 4, 4]",128,"[96, 96, 48]",3
31,13,90.7839743828826,2.4438501001001,0.5723443341255188,0.274517,91400.3,41.41,54.69,"[16, 16, 64]","[2, 1, 3]","[3, 3, 5]","[8, 4, 4]",128,"[96, 96, 48]",3
31,14,231.00082094296206,10.182708750417083,0.7642321395874023,0.127061,85242.285,36.37,55.72,"[16, 16, 64]","[2, 1, 3]","[3, 3, 3]","[8, 4, 4]",128,"[96, 96, 48]",3
31,15,295.398254680824,10.182708750417083,0.6775768351554871,0.118741,85776.765,36.73,55.74,"[16, 16, 64]","[2, 1, 3]","[3, 3, 3]","[8, 4, 4]",64,"[96, 96, 48]",3
31,16,328.6217314540224,10.182708750417083,0.6424130249023438,0.118741,85776.765,36.73,55.74,"[16, 16, 64]","[2, 1, 3]","[3, 3, 3]","[8, 4, 4]",64,"[96, 96, 48]",3
31,17,475.2003807707218,10.182708750417083,0.5402555364370346,0.083716,81104.75,33.75,51.88,"[16, 16, 64]","[2, 1, 2]","[3, 3, 3]","[8, 4, 4]",64,"[96, 96, 64]",3
31,18,399.82714931274,10.182708750417083,0.5824065726995468,0.118741,85776.765,36.73,55.74,"[16, 16, 64]","[2, 1, 3]","[3, 3, 3]","[8, 4, 4]",64,"[96, 96, 48]",3
31,19,358.67092373055914,10.182708750417083,0.6089724117517471,0.150165,89187.32,39.76,57.17,"[16, 48, 64]","[2, 1, 3]","[3, 3, 3]","[8, 4, 4]",128,"[96, 96, 48]",3
32,0,467.90065264095875,10.182708750417083,0.5380432349443436,0.120709,84754.35,36.76,55.0,"[16, 16, 64]","[2, 1, 3]","[3, 3, 3]","[8, 4, 4]",64,"[96, 96, 64]",3
32,1,445.0508359867946,10.182708750417083,0.5502513515949249,0.129029,84219.87,36.45,55.08,"[16, 16, 64]","[2, 1, 3]","[3, 3, 3]","[8, 4, 4]",128,"[96, 96, 64]",3
32,2,353.41287468592185,10.182708750417083,0.6185643595457077,0.123415,93605.475,39.3,62.91,"[16, 16, 64]","[2, 3, 3]","[3, 3, 3]","[8, 4, 4]",64,"[96, 96, 48]",3
32,3,426.90853048765587,10.182708750417083,0.5699939441680908,0.083716,81104.75,33.75,51.88,"[16, 16, 64]","[2, 1, 2]","[3, 3, 3]","[8, 4, 4]",64,"[96, 96, 64]",3
32,4,438.41088094468665,10.182708750417083,0.5544026178121567,0.129029,84219.87,36.45,55.08,"[16, 16, 64]","[2, 1, 3]","[3, 3, 3]","[8, 4, 4]",128,"[96, 96, 64]",3
32,5,472.8347039465266,10.182708750417083,0.5416053503751754,0.083716,81104.75,33.75,51.88,"[16, 16, 64]","[2, 1, 2]","[3, 3, 3]","[8, 4, 4]",64,"[96, 96, 64]",3
32,6,366.1508760334424,10.182708750417083,0.608600634932518,0.118741,85776.765,36.73,55.74,"[16, 16, 64]","[2, 1, 3]","[3, 3, 3]","[8, 4, 4]",64,"[96, 96, 48]",3
32,7,454.352238770375,10.182708750417083,0.5418060219287872,0.145669,84220.03,38.13,55.17,"[16, 16, 64]","[2, 1, 3]","[3, 3, 3]","[8, 4, 4]",256,"[96, 96, 64]",3
32,8,368.4245253714515,10.182708750417083,0.6067198044061661,0.118741,85776.765,36.73,55.74,"[16, 16, 64]","[2, 1, 3]","[3, 3, 3]","[8, 4, 4]",64,"[96, 96, 48]",3
32,9,482.08713127727407,10.182708750417083,0.5286924725770951,0.129029,84219.87,36.45,55.08,"[16, 16, 64]","[2, 1, 3]","[3, 3, 3]","[8, 4, 4]",128,"[96, 96, 64]",3
32,10,290.9566297026498,9.7754004004004,0.6663473379611969,0.131157,90720.81,37.51,56.52,"[16, 16, 64]","[2, 1, 3]","[3, 5, 3]","[8, 4, 4]",128,"[96, 96, 48]",3
32,11,97.79289403507565,2.4438501001001,0.5828315109014511,0.086868,84783.69,36.11,52.59,"[16, 16, 64]","[2, 1, 2]","[5, 3, 3]","[8, 4, 4]",64,"[96, 96, 48]",3
32,12,485.3188388493174,10.182708750417083,0.5345939415693283,0.083716,81104.75,33.75,51.88,"[16, 16, 64]","[2, 1, 2]","[3, 3, 3]","[8, 4, 4]",64,"[96, 96, 64]",3
32,13,346.5558440388236,10.182708750417083,0.6206559538841248,0.144182,97102.025,42.0,60.58,"[16, 48, 64]","[3, 1, 3]","[3, 3, 3]","[8, 4, 4]",64,"[96, 96, 48]",3
32,14,194.78036393469765,10.182708750417083,0.8322609531879425,0.127061,85242.285,36.37,55.72,"[16, 16, 64]","[2, 1, 3]","[3, 3, 3]","[8, 4, 4]",128,"[96, 96, 48]",3
32,15,403.4304079730639,10.182708750417083,0.579799838066101,0.118741,85776.765,36.73,55.74,"[16, 16, 64]","[2, 1, 3]","[3, 3, 3]","[8, 4, 4]",64,"[96, 96, 48]",3
32,16,457.05495299280386,10.182708750417083,0.5429773432016373,0.129029,84219.87,36.45,55.08,"[16, 16, 64]","[2, 1, 3]","[3, 3, 3]","[8, 4, 4]",128,"[96, 96, 64]",3
32,17,478.68666781726955,10.182708750417083,0.5305669987201691,0.129029,84219.87,36.45,55.08,"[16, 16, 64]","[2, 1, 3]","[3, 3, 3]","[8, 4, 4]",128,"[96, 96, 64]",3
32,18,354.7979293822852,10.182708750417083,0.6166537618637085,0.127061,85242.285,36.37,55.72,"[16, 16, 64]","[2, 1, 3]","[3, 3, 3]","[8, 4, 4]",128,"[96, 96, 48]",3
32,19,365.57427519470747,10.182708750417083,0.6070554941892624,0.129398,95862.255,38.14,59.66,"[16, 16, 64]","[3, 1, 3]","[3, 3, 3]","[8, 4, 4]",128,"[96, 96, 48]",3
33,0,488.48286719893986,10.182708750417083,0.5328597748279571,0.083716,81104.75,33.75,51.88,"[16, 16, 64]","[2, 1, 2]","[3, 3, 3]","[8, 4, 4]",64,"[96, 96, 64]",3
33,1,453.32021609764314,10.182708750417083,0.5452094537019729,0.129029,84219.87,36.45,55.08,"[16, 16, 64]","[2, 1, 3]","[3, 3, 3]","[8, 4, 4]",128,"[96, 96, 64]",3
33,2,466.24171909100346,10.182708750417083,0.5454212546348571,0.083716,81104.75,33.75,51.88,"[16, 16, 64]","[2, 1, 2]","[3, 3, 3]","[8, 4, 4]",64,"[96, 96, 64]",3
33,3,477.89594693668266,10.182708750417083,0.5323868483304978,0.120709,84754.35,36.76,55.0,"[16, 16, 64]","[2, 1, 3]","[3, 3, 3]","[8, 4, 4]",64,"[96, 96, 64]",3
33,4,472.80230370131335,10.182708750417083,0.5416239076852798,0.083716,81104.75,33.75,51.88,"[16, 16, 64]","[2, 1, 2]","[3, 3, 3]","[8, 4, 4]",64,"[96, 96, 64]",3
33,5,486.3687286495577,10.182708750417083,0.5281166851520538,0.118372,80399.565,33.63,49.42,"[16, 16, 64]","[1, 1, 3]","[3, 3, 3]","[8, 4, 4]",64,"[96, 96, 64]",3
33,6,482.55463593205917,10.182708750417083,0.5257350033521653,0.145669,84220.03,38.13,55.17,"[16, 16, 64]","[2, 1, 3]","[3, 3, 3]","[8, 4, 4]",256,"[96, 96, 64]",3
33,7,512.8218826600237,10.182708750417083,0.5126047146320343,0.129029,84219.87,36.45,55.08,"[16, 16, 64]","[2, 1, 3]","[3, 3, 3]","[8, 4, 4]",128,"[96, 96, 64]",3
33,8,475.22171107249807,10.182708750417083,0.5338827115297318,0.120709,84754.35,36.76,55.0,"[16, 16, 64]","[2, 1, 3]","[3, 3, 3]","[8, 4, 4]",64,"[96, 96, 64]",3
33,9,502.1623937578438,10.182708750417083,0.5180167305469513,0.129029,84219.87,36.45,55.08,"[16, 16, 64]","[2, 1, 3]","[3, 3, 3]","[8, 4, 4]",128,"[96, 96, 64]",3
33,10,297.8722574951713,6.788472500278055,0.5250399261713028,0.285797,94999.265,43.92,59.33,"[16, 64, 96]","[2, 1, 3]","[3, 3, 3]","[8, 4, 4]",128,"[96, 96, 64]",3
33,11,469.6431321197117,10.182708750417083,0.5356509989500046,0.129029,84219.87,36.45,55.08,"[16, 16, 64]","[2, 1, 3]","[3, 3, 3]","[8, 4, 4]",128,"[96, 96, 64]",3
33,12,446.2560011733739,10.182708750417083,0.5495078396797181,0.129029,84219.87,36.45,55.08,"[16, 16, 64]","[2, 1, 3]","[3, 3, 3]","[8, 4, 4]",128,"[96, 96, 64]",3
33,13,492.05945186878824,10.182708750417083,0.5309196662902832,0.083716,81104.75,33.75,51.88,"[16, 16, 64]","[2, 1, 2]","[3, 3, 3]","[8, 4, 4]",64,"[96, 96, 64]",3
33,14,481.6549504663583,10.182708750417083,0.5289296132326126,0.129029,84219.87,36.45,55.08,"[16, 16, 64]","[2, 1, 3]","[3, 3, 3]","[8, 4, 4]",128,"[96, 96, 64]",3
33,15,477.3614689195428,10.182708750417083,0.5390312373638153,0.083716,81104.75,33.75,51.88,"[16, 16, 64]","[2, 1, 2]","[3, 3, 3]","[8, 4, 4]",64,"[96, 96, 64]",3
33,16,494.1448802907514,10.182708750417083,0.5297981655597687,0.083716,81104.75,33.75,51.88,"[16, 16, 64]","[2, 1, 2]","[3, 3, 3]","[8, 4, 4]",64,"[96, 96, 64]",3
33,17,397.7892909985528,10.182708750417083,0.5820220363140106,0.129029,84219.87,36.45,55.08,"[16, 16, 64]","[2, 1, 3]","[3, 3, 3]","[8, 4, 4]",128,"[96, 96, 64]",3
33,18,470.98385119462836,10.182708750417083,0.5321537673473358,0.145669,84220.03,38.13,55.17,"[16, 16, 64]","[2, 1, 3]","[3, 3, 3]","[8, 4, 4]",256,"[96, 96, 64]",3
33,19,478.63284342217946,10.182708750417083,0.5305968302488328,0.129029,84219.87,36.45,55.08,"[16, 16, 64]","[2, 1, 3]","[3, 3, 3]","[8, 4, 4]",128,"[96, 96, 64]",3
34,0,457.00222321463366,10.182708750417083,0.543008667230606,0.129029,84219.87,36.45,55.08,"[16, 16, 64]","[2, 1, 3]","[3, 3, 3]","[8, 4, 4]",128,"[96, 96, 64]",3
34,1,467.4274630285915,10.182708750417083,0.5369190293550491,0.129029,84219.87,36.45,55.08,"[16, 16, 64]","[2, 1, 3]","[3, 3, 3]","[8, 4, 4]",128,"[96, 96, 64]",3
34,2,501.9255687536018,10.182708750417083,0.5252748888731003,0.086053,88482.88,37.75,55.92,"[16, 16, 64]","[3, 1, 2]","[3, 3, 3]","[8, 4, 4]",64,"[96, 96, 64]",3
34,3,473.98533317946885,10.182708750417083,0.5394853985309601,0.092036,81325.05,33.88,52.11,"[16, 16, 64]","[2, 1, 2]","[3, 3, 3]","[8, 4, 4]",128,"[96, 96, 64]",3
34,4,466.91087034336266,10.182708750417083,0.5450302797555924,0.083716,81104.75,33.75,51.88,"[16, 16, 64]","[2, 1, 2]","[3, 3, 3]","[8, 4, 4]",64,"[96, 96, 64]",3
34,5,477.4717892654558,10.182708750417083,0.5375121492147446,0.092036,81325.05,33.88,52.11,"[16, 16, 64]","[2, 1, 2]","[3, 3, 3]","[8, 4, 4]",128,"[96, 96, 64]",3
34,6,475.98439208379585,10.182708750417083,0.5398104149103164,0.083716,81104.75,33.75,51.88,"[16, 16, 64]","[2, 1, 2]","[3, 3, 3]","[8, 4, 4]",64,"[96, 96, 64]",3
34,7,477.6064033762667,10.182708750417083,0.5388930016756057,0.083716,81104.75,33.75,51.88,"[16, 16, 64]","[2, 1, 2]","[3, 3, 3]","[8, 4, 4]",64,"[96, 96, 64]",3
34,8,483.71457182930584,10.182708750417083,0.5278023380041122,0.129029,84219.87,36.45,55.08,"[16, 16, 64]","[2, 1, 3]","[3, 3, 3]","[8, 4, 4]",128,"[96, 96, 64]",3
34,9,494.7086116801156,10.182708750417083,0.5236462146043778,0.118372,80399.565,33.63,49.42,"[16, 16, 64]","[1, 1, 3]","[3, 3, 3]","[8, 4, 4]",64,"[96, 96, 64]",3
34,10,502.14902691629317,10.182708750417083,0.5193709552288055,0.120709,84754.35,36.76,55.0,"[16, 16, 64]","[2, 1, 3]","[3, 3, 3]","[8, 4, 4]",64,"[96, 96, 64]",3
34,11,485.1497981949037,10.182708750417083,0.5346870678663254,0.083716,81104.75,33.75,51.88,"[16, 16, 64]","[2, 1, 2]","[3, 3, 3]","[8, 4, 4]",64,"[96, 96, 64]",3
34,12,494.1604951658134,10.182708750417083,0.5221939963102341,0.129029,84219.87,36.45,55.08,"[16, 16, 64]","[2, 1, 3]","[3, 3, 3]","[8, 4, 4]",128,"[96, 96, 64]",3
34,13,487.00017895412924,10.182708750417083,0.5217914336919784,0.155365,91086.1,39.71,57.29,"[16, 64, 64]","[2, 1, 3]","[3, 3, 3]","[8, 4, 4]",64,"[96, 96, 64]",3
34,14,485.9902714275565,10.182708750417083,0.5342245221138,0.083716,81104.75,33.75,51.88,"[16, 16, 64]","[2, 1, 2]","[3, 3, 3]","[8, 4, 4]",64,"[96, 96, 64]",3
34,15,476.03270354190937,10.182708750417083,0.5354581099748611,0.108676,81419.8,34.25,51.9,"[16, 16, 64]","[2, 1, 2]","[3, 3, 3]","[8, 4, 4]",256,"[96, 96, 64]",3
34,16,445.803237231833,10.182708750417083,0.5497868132591247,0.129029,84219.87,36.45,55.08,"[16, 16, 64]","[2, 1, 3]","[3, 3, 3]","[8, 4, 4]",128,"[96, 96, 64]",3
34,17,491.8701032926095,10.182708750417083,0.5310218471288681,0.083716,81104.75,33.75,51.88,"[16, 16, 64]","[2, 1, 2]","[3, 3, 3]","[8, 4, 4]",64,"[96, 96, 64]",3
34,18,466.6898703553511,10.182708750417083,0.5451593136787415,0.083716,81104.75,33.75,51.88,"[16, 16, 64]","[2, 1, 2]","[3, 3, 3]","[8, 4, 4]",64,"[96, 96, 64]",3
34,19,452.4032766216201,10.182708750417083,0.5537003076076508,0.083716,81104.75,33.75,51.88,"[16, 16, 64]","[2, 1, 2]","[3, 3, 3]","[8, 4, 4]",64,"[96, 96, 64]",3
35,0,422.5154378489997,10.182708750417083,0.5662037611007691,0.120709,84754.35,36.76,55.0,"[16, 16, 64]","[2, 1, 3]","[3, 3, 3]","[8, 4, 4]",64,"[96, 96, 64]",3
35,1,471.431573898657,10.182708750417083,0.5419971364736557,0.086053,88482.88,37.75,55.92,"[16, 16, 64]","[3, 1, 2]","[3, 3, 3]","[8, 4, 4]",64,"[96, 96, 64]",3
35,2,119.54799018566106,2.4438501001001,0.5253862446546554,0.097156,84677.86,36.0,51.97,"[16, 16, 64]","[2, 1, 2]","[5, 3, 3]","[8, 4, 4]",128,"[96, 96, 64]",3
35,3,470.0454845678839,9.7754004004004,0.5315243977308274,0.087812,80830.365,35.26,51.67,"[16, 16, 64]","[2, 1, 2]","[3, 5, 3]","[8, 4, 4]",64,"[96, 96, 64]",3
35,4,478.25784337783597,10.182708750417083,0.5370702451467514,0.092036,81325.05,33.88,52.11,"[16, 16, 64]","[2, 1, 2]","[3, 3, 3]","[8, 4, 4]",128,"[96, 96, 64]",3
35,5,480.2565645756268,10.182708750417083,0.53740407705307,0.083716,81104.75,33.75,51.88,"[16, 16, 64]","[2, 1, 2]","[3, 3, 3]","[8, 4, 4]",64,"[96, 96, 64]",3
35,6,475.97500977945884,10.182708750417083,0.5278000646829605,0.155365,91086.1,39.71,57.29,"[16, 64, 64]","[2, 1, 3]","[3, 3, 3]","[8, 4, 4]",64,"[96, 96, 64]",3
35,7,507.82807382682404,10.182708750417083,0.5226118296384812,0.083716,81104.75,33.75,51.88,"[16, 16, 64]","[2, 1, 2]","[3, 3, 3]","[8, 4, 4]",64,"[96, 96, 64]",3
35,8,496.93018859967674,10.182708750417083,0.5283113092184066,0.083716,81104.75,33.75,51.88,"[16, 16, 64]","[2, 1, 2]","[3, 3, 3]","[8, 4, 4]",64,"[96, 96, 64]",3
35,9,431.5915580698417,10.182708750417083,0.5664608359336853,0.086053,88482.88,37.75,55.92,"[16, 16, 64]","[3, 1, 2]","[3, 3, 3]","[8, 4, 4]",64,"[96, 96, 64]",3
35,10,473.41051449124876,10.182708750417083,0.5349030154943466,0.120709,84754.35,36.76,55.0,"[16, 16, 64]","[2, 1, 3]","[3, 3, 3]","[8, 4, 4]",64,"[96, 96, 64]",3
35,11,442.4723016365844,10.182708750417083,0.559879543185234,0.083716,81104.75,33.75,51.88,"[16, 16, 64]","[2, 1, 2]","[3, 3, 3]","[8, 4, 4]",64,"[96, 96, 64]",3
35,12,453.2280556262259,10.182708750417083,0.5531962686777114,0.083716,81104.75,33.75,51.88,"[16, 16, 64]","[2, 1, 2]","[3, 3, 3]","[8, 4, 4]",64,"[96, 96, 64]",3
35,13,501.17048454534,10.182708750417083,0.5260715931653976,0.083716,81104.75,33.75,51.88,"[16, 16, 64]","[2, 1, 2]","[3, 3, 3]","[8, 4, 4]",64,"[96, 96, 64]",3
35,14,493.7492915252014,10.182708750417083,0.528577761054039,0.092036,81325.05,33.88,52.11,"[16, 16, 64]","[2, 1, 2]","[3, 3, 3]","[8, 4, 4]",128,"[96, 96, 64]",3
35,15,446.19746312073903,10.182708750417083,0.549543884396553,0.129029,84219.87,36.45,55.08,"[16, 16, 64]","[2, 1, 3]","[3, 3, 3]","[8, 4, 4]",128,"[96, 96, 64]",3
35,16,500.257139070976,10.182708750417083,0.5265516132116318,0.083716,81104.75,33.75,51.88,"[16, 16, 64]","[2, 1, 2]","[3, 3, 3]","[8, 4, 4]",64,"[96, 96, 64]",3
35,17,488.74650621223225,10.182708750417083,0.5268304586410523,0.118372,80399.565,33.63,49.42,"[16, 16, 64]","[1, 1, 3]","[3, 3, 3]","[8, 4, 4]",64,"[96, 96, 64]",3
35,18,485.26460508673915,10.182708750417083,0.5346238142251969,0.083716,81104.75,33.75,51.88,"[16, 16, 64]","[2, 1, 2]","[3, 3, 3]","[8, 4, 4]",64,"[96, 96, 64]",3
35,19,506.4709091295746,10.182708750417083,0.5233115708827972,0.083716,81104.75,33.75,51.88,"[16, 16, 64]","[2, 1, 2]","[3, 3, 3]","[8, 4, 4]",64,"[96, 96, 64]",3
36,0,478.1030410811916,10.182708750417083,0.53861303627491,0.083716,81104.75,33.75,51.88,"[16, 16, 64]","[2, 1, 2]","[3, 3, 3]","[8, 4, 4]",64,"[96, 96, 64]",3
36,1,483.13126101199373,10.182708750417083,0.535802875161171,0.083716,81104.75,33.75,51.88,"[16, 16, 64]","[2, 1, 2]","[3, 3, 3]","[8, 4, 4]",64,"[96, 96, 64]",3
36,2,493.4481666153897,10.182708750417083,0.5301720529794693,0.083716,81104.75,33.75,51.88,"[16, 16, 64]","[2, 1, 2]","[3, 3, 3]","[8, 4, 4]",64,"[96, 96, 64]",3
36,3,452.696446958292,10.182708750417083,0.5474055504798889,0.118372,80399.565,33.63,49.42,"[16, 16, 64]","[1, 1, 3]","[3, 3, 3]","[8, 4, 4]",64,"[96, 96, 64]",3
36,4,490.8559893260396,10.182708750417083,0.5366585713624954,0.055043,75326.38,25.79,46.13,"[16, 16, 64]","[2, 1, 1]","[3, 3, 3]","[8, 4, 4]",128,"[96, 96, 64]",3
36,5,496.7324031031117,10.182708750417083,0.5284164786338806,0.083716,81104.75,33.75,51.88,"[16, 16, 64]","[2, 1, 2]","[3, 3, 3]","[8, 4, 4]",64,"[96, 96, 64]",3
36,6,487.03639083444875,10.182708750417083,0.5336504745483398,0.083716,72949.62,31.17,50.23,"[16, 16, 64]","[2, 1, 2]","[3, 3, 3]","[4, 4, 4]",64,"[96, 96, 64]",3
36,7,461.4206692885014,10.182708750417083,0.5482632112503052,0.083716,81104.75,33.75,51.88,"[16, 16, 64]","[2, 1, 2]","[3, 3, 3]","[8, 4, 4]",64,"[96, 96, 64]",3
36,8,461.6764224581526,10.182708750417083,0.5481113302707672,0.083716,81104.75,33.75,51.88,"[16, 16, 64]","[2, 1, 2]","[3, 3, 3]","[8, 4, 4]",64,"[96, 96, 64]",3
36,9,487.31734801048674,10.182708750417083,0.5334966170787812,0.083716,81104.75,33.75,51.88,"[16, 16, 64]","[2, 1, 2]","[3, 3, 3]","[8, 4, 4]",64,"[96, 96, 64]",3
36,10,494.7603107478371,10.182708750417083,0.5294685554504395,0.083716,81104.75,33.75,51.88,"[16, 16, 64]","[2, 1, 2]","[3, 3, 3]","[8, 4, 4]",64,"[96, 96, 64]",3
36,11,493.4434290116044,10.182708750417083,0.5301745980978012,0.083716,81104.75,33.75,51.88,"[16, 16, 64]","[2, 1, 2]","[3, 3, 3]","[8, 4, 4]",64,"[96, 96, 64]",3
36,12,119.40944169934163,2.4438501001001,0.5146449202299118,0.165636,81649.71,34.62,50.87,"[16, 16, 64]","[2, 1, 2]","[3, 3, 5]","[8, 4, 4]",64,"[96, 96, 64]",3
36,13,469.0092824419891,10.182708750417083,0.5438096404075623,0.083716,81104.75,33.75,51.88,"[16, 16, 64]","[2, 1, 2]","[3, 3, 3]","[8, 4, 4]",64,"[96, 96, 64]",3
36,14,508.1968697491945,10.182708750417083,0.5224221664667129,0.083716,81104.75,33.75,51.88,"[16, 16, 64]","[2, 1, 2]","[3, 3, 3]","[8, 4, 4]",64,"[96, 96, 64]",3
36,15,484.9353754960366,10.182708750417083,0.5348052656650544,0.083716,81104.75,33.75,51.88,"[16, 16, 64]","[2, 1, 2]","[3, 3, 3]","[8, 4, 4]",64,"[96, 96, 64]",3
36,16,496.05490008247045,10.182708750417083,0.5287772071361542,0.083716,81104.75,33.75,51.88,"[16, 16, 64]","[2, 1, 2]","[3, 3, 3]","[8, 4, 4]",64,"[96, 96, 64]",3
36,17,501.127212865949,10.182708750417083,0.5260943055152894,0.083716,81104.75,33.75,51.88,"[16, 16, 64]","[2, 1, 2]","[3, 3, 3]","[8, 4, 4]",64,"[96, 96, 64]",3
36,18,491.60982107334706,10.182708750417083,0.5311624032258987,0.083716,81104.75,33.75,51.88,"[16, 16, 64]","[2, 1, 2]","[3, 3, 3]","[8, 4, 4]",64,"[96, 96, 64]",3
36,19,496.0300396333558,10.182708750417083,0.5287904578447342,0.083716,81104.75,33.75,51.88,"[16, 16, 64]","[2, 1, 2]","[3, 3, 3]","[8, 4, 4]",64,"[96, 96, 64]",3
37,0,501.5754123118132,10.182708750417083,0.525859197974205,0.083716,81104.75,33.75,51.88,"[16, 16, 64]","[2, 1, 2]","[3, 3, 3]","[8, 4, 4]",64,"[96, 96, 64]",3
37,1,486.9812108180778,10.182708750417083,0.5336807078123093,0.083716,81104.75,33.75,51.88,"[16, 16, 64]","[2, 1, 2]","[3, 3, 3]","[8, 4, 4]",64,"[96, 96, 64]",3
37,2,445.2136704843318,10.182708750417083,0.5581531709432602,0.083716,81104.75,33.75,51.88,"[16, 16, 64]","[2, 1, 2]","[3, 3, 3]","[8, 4, 4]",64,"[96, 96, 64]",3
37,3,508.06967382380174,10.182708750417083,0.5274890720844269,0.055043,75326.38,25.79,46.13,"[16, 16, 64]","[2, 1, 1]","[3, 3, 3]","[8, 4, 4]",128,"[96, 96, 64]",3
37,4,485.0481901979375,10.182708750417083,0.5347430682182313,0.083716,81104.75,33.75,51.88,"[16, 16, 64]","[2, 1, 2]","[3, 3, 3]","[8, 4, 4]",64,"[96, 96, 64]",3
37,5,421.6866937245027,10.182708750417083,0.573512270450592,0.083716,81104.75,33.75,51.88,"[16, 16, 64]","[2, 1, 2]","[3, 3, 3]","[8, 4, 4]",64,"[96, 96, 64]",3
37,6,491.5316335166752,10.182708750417083,0.5312046474218368,0.083716,81104.75,33.75,51.88,"[16, 16, 64]","[2, 1, 2]","[3, 3, 3]","[8, 4, 4]",64,"[96, 96, 64]",3
37,7,480.2862796094129,10.182708750417083,0.5425315964221954,0.055043,75326.38,25.79,46.13,"[16, 16, 64]","[2, 1, 1]","[3, 3, 3]","[8, 4, 4]",128,"[96, 96, 64]",3
37,8,472.4388254741545,10.182708750417083,0.5470189130306244,0.055043,75326.38,25.79,46.13,"[16, 16, 64]","[2, 1, 1]","[3, 3, 3]","[8, 4, 4]",128,"[96, 96, 64]",3
37,9,493.0462822261944,10.182708750417083,0.5303880822658539,0.083716,81104.75,33.75,51.88,"[16, 16, 64]","[2, 1, 2]","[3, 3, 3]","[8, 4, 4]",64,"[96, 96, 64]",3
37,10,481.8227472392564,10.182708750417083,0.5365299385786056,0.083716,81104.75,33.75,51.88,"[16, 16, 64]","[2, 1, 2]","[3, 3, 3]","[8, 4, 4]",64,"[96, 96, 64]",3
37,11,483.06566864234077,10.182708750417083,0.5299191653728486,0.118372,85355.07,38.0,51.73,"[16, 64, 64]","[2, 1, 2]","[3, 3, 3]","[8, 4, 4]",64,"[96, 96, 64]",3
37,12,0,27.15389000111222,999,0.083716,146122.875,39.25,132.6,"[16, 16, 64]","[2, 1, 2]","[3, 3, 3]","[8, 4, 4]",64,"[96, 96, 64]",4
37,13,489.83479872462243,10.182708750417083,0.5321239256858825,0.083716,81104.75,33.75,51.88,"[16, 16, 64]","[2, 1, 2]","[3, 3, 3]","[8, 4, 4]",64,"[96, 96, 64]",3
37,14,107.85439991337465,2.5456771876042708,0.5350677508115769,0.280548,88209.22,42.85,53.13,"[16, 64, 128]","[2, 1, 2]","[3, 3, 3]","[8, 4, 4]",64,"[96, 96, 64]",3
37,15,486.564572475889,10.182708750417083,0.5339091509580612,0.083716,81104.75,33.75,51.88,"[16, 16, 64]","[2, 1, 2]","[3, 3, 3]","[8, 4, 4]",64,"[96, 96, 64]",3
37,16,484.1593196177758,10.182708750417083,0.5418853783607482,0.046723,74783.50166666666,23.94,45.68,"[16, 16, 64]","[2, 1, 1]","[3, 3, 3]","[8, 4, 4]",64,"[96, 96, 64]",3
37,17,486.66153022714457,10.182708750417083,0.5338559627532959,0.083716,81104.75,33.75,51.88,"[16, 16, 64]","[2, 1, 2]","[3, 3, 3]","[8, 4, 4]",64,"[96, 96, 64]",3
37,18,471.41076414965806,10.182708750417083,0.5409565716981888,0.092036,81325.05,33.88,52.11,"[16, 16, 64]","[2, 1, 2]","[3, 3, 3]","[8, 4, 4]",128,"[96, 96, 64]",3
37,19,493.44684074515993,10.182708750417083,0.5301727652549744,0.083716,81104.75,33.75,51.88,"[16, 16, 64]","[2, 1, 2]","[3, 3, 3]","[8, 4, 4]",64,"[96, 96, 64]",3
38,0,489.286981164104,10.182708750417083,0.5375183421373367,0.055043,75326.38,25.79,46.13,"[16, 16, 64]","[2, 1, 1]","[3, 3, 3]","[8, 4, 4]",128,"[96, 96, 64]",3
38,1,471.6890097114421,10.182708750417083,0.5422627103328704,0.083716,81104.75,33.75,51.88,"[16, 16, 64]","[2, 1, 2]","[3, 3, 3]","[8, 4, 4]",64,"[96, 96, 64]",3
38,2,462.06993375266717,10.182708750417083,0.5478778868913651,0.083716,81104.75,33.75,51.88,"[16, 16, 64]","[2, 1, 2]","[3, 3, 3]","[8, 4, 4]",64,"[96, 96, 64]",3
38,3,463.7511937182344,10.182708750417083,0.546883859038353,0.083716,81104.75,33.75,51.88,"[16, 16, 64]","[2, 1, 2]","[3, 3, 3]","[8, 4, 4]",64,"[96, 96, 64]",3
38,4,491.43391702819434,10.182708750417083,0.5312574571371078,0.083716,81104.75,33.75,51.88,"[16, 16, 64]","[2, 1, 2]","[3, 3, 3]","[8, 4, 4]",64,"[96, 96, 64]",3
38,5,471.4696210012771,10.182708750417083,0.5491294479370117,0.046723,74783.50166666666,23.94,45.68,"[16, 16, 64]","[2, 1, 1]","[3, 3, 3]","[8, 4, 4]",64,"[96, 96, 64]",3
38,6,113.91239863270678,2.4438501001001,0.5448116540908814,0.060163,76700.99,28.35,46.08,"[16, 16, 64]","[2, 1, 1]","[5, 3, 3]","[8, 4, 4]",128,"[96, 96, 64]",3
38,7,487.2438270168703,10.182708750417083,0.5335368657112122,0.083716,81104.75,33.75,51.88,"[16, 16, 64]","[2, 1, 2]","[3, 3, 3]","[8, 4, 4]",64,"[96, 96, 64]",3
38,8,456.40372698294397,10.182708750417083,0.5512683272361756,0.083716,81104.75,33.75,51.88,"[16, 16, 64]","[2, 1, 2]","[3, 3, 3]","[8, 4, 4]",64,"[96, 96, 64]",3
38,9,495.5111046042998,10.182708750417083,0.5290672796964645,0.083716,81104.75,33.75,51.88,"[16, 16, 64]","[2, 1, 2]","[3, 3, 3]","[8, 4, 4]",64,"[96, 96, 64]",3
38,10,483.21465205332123,10.182708750417083,0.5357566398382186,0.083716,81104.75,33.75,51.88,"[16, 16, 64]","[2, 1, 2]","[3, 3, 3]","[8, 4, 4]",64,"[96, 96, 64]",3
38,11,496.665489197847,10.182708750417083,0.5277357190847397,0.087876,81154.82,34.7,53.49,"[16, 16, 64]","[2, 1, 2]","[3, 3, 3]","[8, 4, 4]",96,"[96, 96, 64]",3
38,12,456.30367614760695,10.182708750417083,0.5566063576936722,0.055043,75326.38,25.79,46.13,"[16, 16, 64]","[2, 1, 1]","[3, 3, 3]","[8, 4, 4]",128,"[96, 96, 64]",3
38,13,492.0360111380873,10.182708750417083,0.5375305223464966,0.046723,74783.50166666666,23.94,45.68,"[16, 16, 64]","[2, 1, 1]","[3, 3, 3]","[8, 4, 4]",64,"[96, 96, 64]",3
38,14,47.52222112562742,10.182708750417083,1.7129485321044922,0.07562,80030.31,31.47,50.02,"[16, 16, 64]","[2, 1, 2]","[3, 3, 3]","[8, 4, 4]",64,"[96, 64, 32]",3
38,15,489.6221462192301,10.182708750417083,0.5322394692897796,0.083716,81104.75,33.75,51.88,"[16, 16, 64]","[2, 1, 2]","[3, 3, 3]","[8, 4, 4]",64,"[96, 96, 64]",3
38,16,471.8963756137224,10.182708750417083,0.5421435534954071,0.083716,81104.75,33.75,51.88,"[16, 16, 64]","[2, 1, 2]","[3, 3, 3]","[8, 4, 4]",64,"[96, 96, 64]",3
38,17,465.9544722671318,10.182708750417083,0.5455893468856812,0.083716,81104.75,33.75,51.88,"[16, 16, 64]","[2, 1, 2]","[3, 3, 3]","[8, 4, 4]",64,"[96, 96, 64]",3
38,18,480.14945779042523,10.182708750417083,0.5374640130996704,0.083716,81104.75,33.75,51.88,"[16, 16, 64]","[2, 1, 2]","[3, 3, 3]","[8, 4, 4]",64,"[96, 96, 64]",3
38,19,513.8056419782118,10.182708750417083,0.5195629209280014,0.083716,81104.75,33.75,51.88,"[16, 16, 64]","[2, 1, 2]","[3, 3, 3]","[8, 4, 4]",64,"[96, 96, 64]",3
39,0,445.59452701778997,10.182708750417083,0.5579145884513855,0.083716,81104.75,33.75,51.88,"[16, 16, 64]","[2, 1, 2]","[3, 3, 3]","[8, 4, 4]",64,"[96, 96, 64]",3
39,1,483.8947722232607,10.182708750417083,0.5346542549133301,0.087876,81154.82,34.7,53.49,"[16, 16, 64]","[2, 1, 2]","[3, 3, 3]","[8, 4, 4]",96,"[96, 96, 64]",3
39,2,458.0754675495554,10.182708750417083,0.5502614825963974,0.083716,81104.75,33.75,51.88,"[16, 16, 64]","[2, 1, 2]","[3, 3, 3]","[8, 4, 4]",64,"[96, 96, 64]",3
39,3,489.5375033275077,10.182708750417083,0.5322854804992676,0.083716,81104.75,33.75,51.88,"[16, 16, 64]","[2, 1, 2]","[3, 3, 3]","[8, 4, 4]",64,"[96, 96, 64]",3
39,4,490.9432179839071,10.182708750417083,0.5315228879451752,0.083716,81104.75,33.75,51.88,"[16, 16, 64]","[2, 1, 2]","[3, 3, 3]","[8, 4, 4]",64,"[96, 96, 64]",3
39,5,510.8988777915953,10.182708750417083,0.5276060909032821,0.046212,77906.45,24.1,51.07,"[16, 16, 32]","[2, 1, 2]","[3, 3, 3]","[8, 4, 4]",96,"[96, 96, 64]",3
39,6,473.0403109042839,10.182708750417083,0.5414876329898834,0.083716,81104.75,33.75,51.88,"[16, 16, 64]","[2, 1, 2]","[3, 3, 3]","[8, 4, 4]",64,"[96, 96, 64]",3
39,7,481.52774792191497,10.182708750417083,0.5366942614316941,0.083716,81104.75,33.75,51.88,"[16, 16, 64]","[2, 1, 2]","[3, 3, 3]","[8, 4, 4]",64,"[96, 96, 64]",3
39,8,475.3795000759963,10.182708750417083,0.5394215279817581,0.087876,81154.82,34.7,53.49,"[16, 16, 64]","[2, 1, 2]","[3, 3, 3]","[8, 4, 4]",96,"[96, 96, 64]",3
39,9,499.2058670110262,10.182708750417083,0.5263912230730057,0.087876,81154.82,34.7,53.49,"[16, 16, 64]","[2, 1, 2]","[3, 3, 3]","[8, 4, 4]",96,"[96, 96, 64]",3
39,10,486.46224773868767,10.182708750417083,0.5406012028455734,0.046723,74783.50166666666,23.94,45.68,"[16, 16, 64]","[2, 1, 1]","[3, 3, 3]","[8, 4, 4]",64,"[96, 96, 64]",3
39,11,494.1490464991887,10.182708750417083,0.5283639138936996,0.092036,81325.05,33.88,52.11,"[16, 16, 64]","[2, 1, 2]","[3, 3, 3]","[8, 4, 4]",128,"[96, 96, 64]",3
39,12,475.53526765791264,10.182708750417083,0.5467769801616669,0.046723,74783.50166666666,23.94,45.68,"[16, 16, 64]","[2, 1, 1]","[3, 3, 3]","[8, 4, 4]",64,"[96, 96, 64]",3
39,13,495.38772846360126,10.182708750417083,0.5291331577301025,0.083716,81104.75,33.75,51.88,"[16, 16, 64]","[2, 1, 2]","[3, 3, 3]","[8, 4, 4]",64,"[96, 96, 64]",3
39,14,472.22726124858195,10.182708750417083,0.5419535821676255,0.083716,81104.75,33.75,51.88,"[16, 16, 64]","[2, 1, 2]","[3, 3, 3]","[8, 4, 4]",64,"[96, 96, 64]",3
39,15,321.08674362163805,6.788472500278055,0.5366372227668762,0.083716,80655.35,34.28,42.0,"[16, 16, 64]","[2, 1, 2]","[3, 3, 3]","[8, 4, 4]",64,"[96, 96, 64]",2
39,16,0,27.15389000111222,999,0.083716,146122.875,39.25,132.6,"[16, 16, 64]","[2, 1, 2]","[3, 3, 3]","[8, 4, 4]",64,"[96, 96, 64]",4
39,17,468.84083487925216,10.182708750417083,0.5502286189794541,0.04906,78896.89666666667,26.15,49.47,"[16, 16, 64]","[2, 2, 1]","[3, 3, 3]","[8, 4, 4]",64,"[96, 96, 64]",3
39,18,0,27.15389000111222,999,0.092036,144177.365,39.52,131.32,"[16, 16, 64]","[2, 1, 2]","[3, 3, 3]","[8, 4, 4]",128,"[96, 96, 64]",4
39,19,488.56806915612447,10.182708750417083,0.5394348955154419,0.046723,74783.50166666666,23.94,45.68,"[16, 16, 64]","[2, 1, 1]","[3, 3, 3]","[8, 4, 4]",64,"[96, 96, 64]",3
40,0,493.27321222423853,10.182708750417083,0.5369496005773544,0.046212,77906.45,24.1,51.07,"[16, 16, 32]","[2, 1, 2]","[3, 3, 3]","[8, 4, 4]",96,"[96, 96, 64]",3
40,1,469.90261321334845,10.182708750417083,0.5425560045242309,0.087876,81154.82,34.7,53.49,"[16, 16, 64]","[2, 1, 2]","[3, 3, 3]","[8, 4, 4]",96,"[96, 96, 64]",3
40,2,491.97867574998435,10.182708750417083,0.5269719505310059,0.107107,80373.46,35.16,50.02,"[16, 64, 96]","[2, 1, 1]","[3, 3, 3]","[8, 4, 4]",64,"[96, 96, 64]",3
40,3,502.2896575670951,10.182708750417083,0.5240648174285889,0.092036,81325.05,33.88,52.11,"[16, 16, 64]","[2, 1, 2]","[3, 3, 3]","[8, 4, 4]",128,"[96, 96, 64]",3
40,4,0,27.15389000111222,999,0.083716,146122.875,39.25,132.6,"[16, 16, 64]","[2, 1, 2]","[3, 3, 3]","[8, 4, 4]",64,"[96, 96, 64]",4
40,5,432.58192761193186,10.182708750417083,0.5654762262105941,0.087876,81154.82,34.7,53.49,"[16, 16, 64]","[2, 1, 2]","[3, 3, 3]","[8, 4, 4]",96,"[96, 96, 64]",3
40,6,0.9032119063803821,10.182708750417083,12.587236766815186,0.037171,74734.635,21.86,45.8,"[16, 16, 64]","[2, 1, 1]","[3, 3, 3]","[8, 4, 4]",64,"[96, 64, 16]",3
40,7,478.31869952919004,10.182708750417083,0.5384916007518769,0.083716,81104.75,33.75,51.88,"[16, 16, 64]","[2, 1, 2]","[3, 3, 3]","[8, 4, 4]",64,"[96, 96, 64]",3
40,8,495.7688244067832,10.182708750417083,0.5289297467470169,0.083716,81104.75,33.75,51.88,"[16, 16, 64]","[2, 1, 2]","[3, 3, 3]","[8, 4, 4]",64,"[96, 96, 64]",3
40,9,467.84262976214325,10.182708750417083,0.544487264752388,0.083716,81104.75,33.75,51.88,"[16, 16, 64]","[2, 1, 2]","[3, 3, 3]","[8, 4, 4]",64,"[96, 96, 64]",3
40,10,474.64368418893895,10.182708750417083,0.5472902804613113,0.046723,74783.50166666666,23.94,45.68,"[16, 16, 64]","[2, 1, 1]","[3, 3, 3]","[8, 4, 4]",64,"[96, 96, 64]",3
40,11,4.493157050267353,10.182708750417083,5.566771807670594,0.077812,81539.32,31.63,52.4,"[16, 16, 64]","[2, 1, 2]","[3, 3, 3]","[8, 4, 4]",64,"[96, 96, 16]",3
40,12,470.18979050680343,10.182708750417083,0.5431265372037888,0.083716,81104.75,33.75,51.88,"[16, 16, 64]","[2, 1, 2]","[3, 3, 3]","[8, 4, 4]",64,"[96, 96, 64]",3
40,13,116.1313371281982,2.4438501001001,0.5344952416419982,0.088836,84573.56,36.07,51.86,"[16, 16, 64]","[2, 1, 2]","[5, 3, 3]","[8, 4, 4]",64,"[96, 96, 64]",3
40,14,462.8366737339156,10.182708750417083,0.547006453871727,0.086053,85253.18,36.23,56.59,"[16, 16, 64]","[2, 2, 2]","[3, 3, 3]","[8, 4, 4]",64,"[96, 96, 64]",3
40,15,503.93027570718283,10.182708750417083,0.5239179164171219,0.087876,81154.82,34.7,53.49,"[16, 16, 64]","[2, 1, 2]","[3, 3, 3]","[8, 4, 4]",96,"[96, 96, 64]",3
40,16,497.26852303470906,10.182708750417083,0.5274156308174134,0.087876,81154.82,34.7,53.49,"[16, 16, 64]","[2, 1, 2]","[3, 3, 3]","[8, 4, 4]",96,"[96, 96, 64]",3
40,17,485.7621256886789,10.182708750417083,0.5284463298320771,0.118372,85355.07,38.0,51.73,"[16, 64, 64]","[2, 1, 2]","[3, 3, 3]","[8, 4, 4]",64,"[96, 96, 64]",3
40,18,491.57070268568305,10.182708750417083,0.5377848690748215,0.046723,74783.50166666666,23.94,45.68,"[16, 16, 64]","[2, 1, 1]","[3, 3, 3]","[8, 4, 4]",64,"[96, 96, 64]",3
40,19,476.8158958497706,10.182708750417083,0.5489668655395508,0.031204,76909.68666666668,23.0,48.7,"[16, 16, 16]","[2, 1, 2]","[3, 3, 3]","[8, 4, 4]",64,"[96, 96, 64]",3
41,0,462.1439787522662,10.182708750417083,0.547091366648674,0.087876,81154.82,34.7,53.49,"[16, 16, 64]","[2, 1, 2]","[3, 3, 3]","[8, 4, 4]",96,"[96, 96, 64]",3
41,1,457.1267302847312,10.182708750417083,0.54934332549572,0.092036,81325.05,33.88,52.11,"[16, 16, 64]","[2, 1, 2]","[3, 3, 3]","[8, 4, 4]",128,"[96, 96, 64]",3
41,2,462.6247096800972,10.182708750417083,0.5475492823123932,0.083716,81104.75,33.75,51.88,"[16, 16, 64]","[2, 1, 2]","[3, 3, 3]","[8, 4, 4]",64,"[96, 96, 64]",3
41,3,481.513101832391,10.182708750417083,0.5462826865911484,0.031204,76909.68666666668,23.0,48.7,"[16, 16, 16]","[2, 1, 2]","[3, 3, 3]","[8, 4, 4]",64,"[96, 96, 64]",3
41,4,541.6984122082506,10.182708750417083,0.5120689117908478,0.048036,78047.71666666667,23.81,50.53,"[16, 16, 32]","[2, 1, 2]","[3, 3, 3]","[8, 4, 4]",64,"[96, 96, 96]",3
41,5,474.7903885613518,10.182708750417083,0.5404887479543686,0.083716,81104.75,33.75,51.88,"[16, 16, 64]","[2, 1, 2]","[3, 3, 3]","[8, 4, 4]",64,"[96, 96, 64]",3
41,6,454.71748549075454,10.182708750417083,0.551540857553482,0.087876,81154.82,34.7,53.49,"[16, 16, 64]","[2, 1, 2]","[3, 3, 3]","[8, 4, 4]",96,"[96, 96, 64]",3
41,7,454.2047148654295,10.182708750417083,0.5526011890172958,0.083716,81104.75,33.75,51.88,"[16, 16, 64]","[2, 1, 2]","[3, 3, 3]","[8, 4, 4]",64,"[96, 96, 64]",3
41,8,501.12542032155005,10.182708750417083,0.5262714582681656,0.082692,80301.82,33.58,51.94,"[16, 16, 64]","[2, 1, 2]","[3, 3, 3]","[8, 4, 4]",96,"[96, 64, 64]",3
41,9,510.6819117112104,10.182708750417083,0.5276261615753174,0.046723,74783.50166666666,23.94,45.68,"[16, 16, 64]","[2, 1, 1]","[3, 3, 3]","[8, 4, 4]",64,"[96, 96, 64]",3
41,10,460.9590216700429,10.182708750417083,0.5424773037433624,0.118372,85355.07,38.0,51.73,"[16, 64, 64]","[2, 1, 2]","[3, 3, 3]","[8, 4, 4]",64,"[96, 96, 64]",3
41,11,293.9310987581011,6.788472500278055,0.5506688535213471,0.141764,84202.77,35.48,56.71,"[16, 16, 96]","[2, 1, 2]","[3, 3, 3]","[8, 4, 4]",64,"[96, 96, 64]",3
41,12,478.1647289839807,10.182708750417083,0.5378482109308242,0.087876,81154.82,34.7,53.49,"[16, 16, 64]","[2, 1, 2]","[3, 3, 3]","[8, 4, 4]",96,"[96, 96, 64]",3
41,13,473.7697411017505,10.182708750417083,0.5350927436351776,0.118372,85355.07,38.0,51.73,"[16, 64, 64]","[2, 1, 2]","[3, 3, 3]","[8, 4, 4]",64,"[96, 96, 64]",3
41,14,444.5387298632304,10.182708750417083,0.568547455072403,0.031204,76909.68666666668,23.0,48.7,"[16, 16, 16]","[2, 1, 2]","[3, 3, 3]","[8, 4, 4]",64,"[96, 96, 64]",3
41,15,0,27.15389000111222,999,0.092036,144177.365,39.52,131.32,"[16, 16, 64]","[2, 1, 2]","[3, 3, 3]","[8, 4, 4]",128,"[96, 96, 64]",4
41,16,370.96150281460814,10.182708750417083,0.6128008908033371,0.077076,80826.99,32.43,51.48,"[16, 16, 64]","[2, 1, 2]","[3, 3, 3]","[8, 4, 4]",64,"[96, 64, 48]",3
41,17,467.48870224954754,10.182708750417083,0.5439549666643143,0.087876,81154.82,34.7,53.49,"[16, 16, 64]","[2, 1, 2]","[3, 3, 3]","[8, 4, 4]",96,"[96, 96, 64]",3
